Using device: cuda
Training method: fgd_approx
Original model:
LinearGrowingModule(LinearGrowingModule(Layer 0))(in_features=4, out_features=2, use_bias=True)
LinearGrowingModule(LinearGrowingModule(Layer 1))(in_features=2, out_features=2, use_bias=True)
LinearGrowingModule(LinearGrowingModule(Layer 2))(in_features=2, out_features=2, use_bias=True)
LinearGrowingModule(LinearGrowingModule(Layer 3))(in_features=2, out_features=1, use_bias=True)
[INIT] Epoch 0, train_loss=0.1935, validation_loss=0.1862, test_loss=0.1930, train_acc=0.167, validation_acc=0.184, test_acc=0.192
[FAMILY] eta_f=1 did not certify (cos 0.6992, eps 0.7149)
[FAMILY] eta_f=2 did not certify (cos 0.6812, eps 0.7321)
[FAMILY] eta_f=4 did not certify (cos 0.5290, eps 0.8486)
[FAMILY] eta_f=8 did not certify (cos 0.6494, eps 0.7604)
[CERTIFY] growth 1 at location 1: eps -> 1.5379
[FAMILY] eta_f=1 did not certify (cos 0.7032, eps 0.7110)
[FAMILY] eta_f=2 did not certify (cos 0.7159, eps 0.6982)
[FAMILY] eta_f=4 did not certify (cos 0.7024, eps 0.7117)
[FAMILY] eta_f=8 did not certify (cos 0.7024, eps 0.7118)
[CERTIFY] growth 2 at location 1: eps -> 1.5183
[FAMILY] eta_f=1 did not certify (cos 0.7220, eps 0.6919)
[FAMILY] eta_f=2 did not certify (cos 0.7153, eps 0.6988)
[FAMILY] eta_f=4 did not certify (cos 0.6163, eps 0.7875)
[FAMILY] eta_f=8 did not certify (cos 0.7041, eps 0.7101)
[CERTIFY] growth 3 at location 0: eps -> 1.4992
[FAMILY] eta_f=1 did not certify (cos 0.7956, eps 0.6058)
[FAMILY] eta_f=2 did not certify (cos 0.6283, eps 0.7779)
[FAMILY] eta_f=4 did not certify (cos 0.7366, eps 0.6764)
[FAMILY] eta_f=8 did not certify (cos 0.7320, eps 0.6813)
[CERTIFY] growth 4 at location 1: eps -> 1.4205
[FAMILY] eta_f=1 did not certify (cos 0.7920, eps 0.6105)
[FAMILY] eta_f=2 did not certify (cos 0.7615, eps 0.6482)
[FAMILY] eta_f=4 did not certify (cos 0.7961, eps 0.6052)
[FAMILY] eta_f=8 did not certify (cos 0.7354, eps 0.6777)
[CERTIFY] growth 5 at location 1: eps -> 1.3508
[FAMILY] eta_f=1 did not certify (cos 0.8236, eps 0.5672)
[FAMILY] eta_f=2 did not certify (cos 0.7791, eps 0.6270)
[FAMILY] eta_f=4 did not certify (cos 0.7100, eps 0.7042)
[FAMILY] eta_f=8 did not certify (cos 0.7748, eps 0.6323)
[CERTIFY] growth 6 at location 0: eps -> 1.3382
[FAMILY] eta_f=1 did not certify (cos 0.8354, eps 0.5496)
[FAMILY] eta_f=2 did not certify (cos 0.8456, eps 0.5338)
[FAMILY] eta_f=4 did not certify (cos 0.8401, eps 0.5425)
[FAMILY] eta_f=8 did not certify (cos 0.8134, eps 0.5817)
[CERTIFY] growth 7 at location 0: eps -> 1.2895
[FAMILY] eta_f=1 certified (cos 0.9587, eps 0.2845)
[CERTIFY] parametric family certified at fixed structure (no growth); eps -> 0.2572
[CERTIFY] family ladder took 1 step(s) in 7 growths
[REALIZE] eta=1.6030e-01 realised=102.1% residual=12.8% iters=9
[DAMPING] rho=8.47e-10 lambda=1.699e-04 eps=0.2572 |u|=9.589e+00 eta=1.6030e-01 decrease=1.1258e+02
[FGD-STEP] Epoch 1: loss_before=1.907118e+02, loss_after=9.165358e+01, rel_err_before=0.3482, |r|=2.6807e+01, |g|=2.5541e+01, |u|=6.3911e+00, eta=0.1603, accepted=True
[REALIZE] eta=7.1276e-02 realised=99.8% residual=10.5% iters=11
[DAMPING] rho=3.56e-10 lambda=4.940e-05 eps=0.3752 |u|=9.908e+00 eta=7.1276e-02 decrease=2.2958e+01
[FGD-STEP] Epoch 1: loss_before=9.165358e+01, loss_after=7.225852e+01, rel_err_before=0.5073, |r|=1.9147e+01, |g|=1.6975e+01, |u|=5.6611e+00, eta=0.07128, accepted=True
[REALIZE] eta=3.8631e-02 realised=99.6% residual=10.7% iters=7
[DAMPING] rho=6.36e-11 lambda=7.853e-06 eps=0.4283 |u|=1.042e+01 eta=3.8631e-02 decrease=9.2291e+00
[FGD-STEP] Epoch 1: loss_before=7.225852e+01, loss_after=6.399948e+01, rel_err_before=0.5542, |r|=1.7001e+01, |g|=1.4886e+01, |u|=6.1096e+00, eta=0.03863, accepted=True
[REALIZE] eta=2.1525e-02 realised=99.0% residual=9.0% iters=4
[DAMPING] rho=9.83e-12 lambda=1.150e-06 eps=0.4587 |u|=1.092e+01 eta=2.1525e-02 decrease=4.4020e+00
[FGD-STEP] Epoch 1: loss_before=6.399948e+01, loss_after=6.004955e+01, rel_err_before=0.5869, |r|=1.6000e+01, |g|=1.3777e+01, |u|=7.2308e+00, eta=0.02153, accepted=True
[REALIZE] eta=1.0459e-02 realised=99.2% residual=5.4% iters=4
[DAMPING] rho=3.68e-12 lambda=4.177e-07 eps=0.4795 |u|=1.076e+01 eta=1.0459e-02 decrease=1.9605e+00
[FGD-STEP] Epoch 1: loss_before=6.004955e+01, loss_after=5.824648e+01, rel_err_before=0.6076, |r|=1.5498e+01, |g|=1.3231e+01, |u|=7.5685e+00, eta=0.01046, accepted=True
[REALIZE] eta=5.6245e-03 realised=99.3% residual=4.1% iters=2
[DAMPING] rho=3.49e-12 lambda=3.920e-07 eps=0.4889 |u|=1.106e+01 eta=5.6245e-03 decrease=1.0117e+00
[FGD-STEP] Epoch 1: loss_before=5.824648e+01, loss_after=5.730761e+01, rel_err_before=0.6192, |r|=1.5264e+01, |g|=1.2962e+01, |u|=7.6149e+00, eta=0.005625, accepted=True
[REALIZE] eta=3.0009e-03 realised=99.8% residual=4.6% iters=1
[DAMPING] rho=7.25e-13 lambda=8.065e-08 eps=0.4940 |u|=1.079e+01 eta=3.0009e-03 decrease=5.2792e-01
[FGD-STEP] Epoch 1: loss_before=5.730761e+01, loss_after=5.681152e+01, rel_err_before=0.6203, |r|=1.5140e+01, |g|=1.2877e+01, |u|=6.9930e+00, eta=0.003001, accepted=True
[REALIZE] eta=1.4905e-03 realised=99.6% residual=4.3% iters=1
[DAMPING] rho=2.70e-13 lambda=2.998e-08 eps=0.4970 |u|=1.108e+01 eta=1.4905e-03 decrease=2.5908e-01
[FGD-STEP] Epoch 1: loss_before=5.681152e+01, loss_after=5.656856e+01, rel_err_before=0.6272, |r|=1.5075e+01, |g|=1.2781e+01, |u|=6.9842e+00, eta=0.00149, accepted=True
[FGD] Epoch 1, train_loss=0.0527, validation_loss=0.0552, test_loss=0.0556 (-0.1373), train_acc=0.353, validation_acc=0.361, test_acc=0.361, lr=0.00149, rel_err=0.627
[FGD-WARN] Epoch 1: relative-error condition failed; learning-rate interval invalid; validation certificate rejected 1 batch(es); maximum validation-certified learning rate accepted after transactional search
[BOTTLENECK] Epoch 1 widths=[5, 6, 2] L0=6.5343e-03 L1=9.9317e-04 L2=2.7335e-02
[GRO] Unified growth at epoch 1 [where=expressivity_bottleneck]: width at index 2 (+8 params, eps 0.627 -> not scored); 6 candidates considered
[GRO] Epoch 1, train_loss=0.0527, validation_loss=0.0552, test_loss=0.0556 (+0.0000), train_acc=0.353, validation_acc=0.361, test_acc=0.361, scaling=1
Model after growing:
LinearGrowingModule(LinearGrowingModule(Layer 0))(in_features=4, out_features=5, use_bias=True)
LinearGrowingModule(LinearGrowingModule(Layer 1))(in_features=5, out_features=6, use_bias=True)
LinearGrowingModule(LinearGrowingModule(Layer 2))(in_features=6, out_features=3, use_bias=True)
LinearGrowingModule(LinearGrowingModule(Layer 3))(in_features=3, out_features=1, use_bias=True)
[REALIZE] eta=2.0423e-03 realised=99.6% residual=4.2% iters=1
[DAMPING] rho=1.14e-12 lambda=1.265e-07 eps=0.4959 |u|=1.146e+01 eta=2.0423e-03 decrease=3.5361e-01
[FGD-STEP] Epoch 2: loss_before=5.656856e+01, loss_after=5.623710e+01, rel_err_before=0.6269, |r|=1.5042e+01, |g|=1.2766e+01, |u|=7.2963e+00, eta=0.002042, accepted=True
[REALIZE] eta=1.0368e-02 realised=98.6% residual=11.0% iters=4
[DAMPING] rho=5.12e-14 lambda=5.662e-09 eps=0.4797 |u|=9.891e+03 eta=1.0368e-02 decrease=1.7972e+00
[FGD-STEP] Epoch 2: loss_before=5.623710e+01, loss_after=5.459872e+01, rel_err_before=0.6309, |r|=1.4998e+01, |g|=1.2694e+01, |u|=7.7910e+00, eta=0.01037, accepted=True
[REALIZE] eta=7.3980e-03 realised=98.5% residual=12.8% iters=4
[DAMPING] rho=2.67e-16 lambda=2.914e-11 eps=0.4854 |u|=2.248e+03 eta=7.3980e-03 decrease=1.2414e+00
[FGD-STEP] Epoch 2: loss_before=5.459872e+01, loss_after=5.346611e+01, rel_err_before=0.6385, |r|=1.4778e+01, |g|=1.2522e+01, |u|=8.6083e+00, eta=0.007398, accepted=True
[REALIZE] eta=1.3333e-03 realised=99.1% residual=11.9% iters=2
[DAMPING] rho=3.52e-18 lambda=3.805e-13 eps=0.4973 |u|=1.615e+03 eta=1.3333e-03 decrease=2.1649e-01
[FGD-STEP] Epoch 2: loss_before=5.346611e+01, loss_after=5.326593e+01, rel_err_before=0.6543, |r|=1.4624e+01, |g|=1.2345e+01, |u|=8.4076e+00, eta=0.001333, accepted=True
[REALIZE] eta=1.0286e-03 realised=99.1% residual=12.1% iters=2
[DAMPING] rho=4.53e-17 lambda=4.890e-12 eps=0.4979 |u|=1.618e+03 eta=1.0286e-03 decrease=1.6623e-01
[FGD-STEP] Epoch 2: loss_before=5.326593e+01, loss_after=5.311221e+01, rel_err_before=0.6562, |r|=1.4597e+01, |g|=1.2313e+01, |u|=8.3805e+00, eta=0.001029, accepted=True
[FAMILY] eta_f=1 certified (cos 0.9021, eps 0.4315)
[CERTIFY] parametric family certified at fixed structure (no growth); eps -> 0.4779
[CERTIFY] family ladder took 1 step(s) in 0 growths
[REALIZE] eta=1.1303e-02 realised=99.5% residual=13.1% iters=5
[DAMPING] rho=5.45e-13 lambda=2.163e-08 eps=0.4779 |u|=2.222e+01 eta=1.1303e-02 decrease=1.8901e+00
[FGD-STEP] Epoch 2: loss_before=5.311221e+01, loss_after=5.001175e+01, rel_err_before=0.6414, |r|=1.4372e+01, |g|=1.1975e+01, |u|=1.3710e+01, eta=0.0113, accepted=True
[REALIZE] eta=1.1930e-02 realised=97.7% residual=10.8% iters=7
[DAMPING] rho=1.05e-12 lambda=4.238e-08 eps=0.4767 |u|=2.127e+01 eta=1.1930e-02 decrease=1.9247e+00
[FGD-STEP] Epoch 2: loss_before=5.001175e+01, loss_after=4.838795e+01, rel_err_before=0.6657, |r|=1.4144e+01, |g|=1.1672e+01, |u|=1.4064e+01, eta=0.01193, accepted=True
[REALIZE] eta=7.7724e-03 realised=98.9% residual=9.4% iters=5
[DAMPING] rho=6.10e-13 lambda=2.507e-08 eps=0.4847 |u|=2.007e+01 eta=7.7724e-03 decrease=1.1996e+00
[FGD-STEP] Epoch 2: loss_before=4.838795e+01, loss_after=4.736782e+01, rel_err_before=0.6711, |r|=1.3912e+01, |g|=1.1560e+01, |u|=1.4253e+01, eta=0.007772, accepted=True
[FGD] Epoch 2, train_loss=0.0454, validation_loss=0.0463, test_loss=0.0503 (-0.0053), train_acc=0.418, validation_acc=0.397, test_acc=0.416, lr=0.007772, rel_err=0.671
[FGD-WARN] Epoch 2: relative-error condition failed; learning-rate interval invalid; validation certificate rejected 1 batch(es); maximum validation-certified learning rate accepted after transactional search
[BOTTLENECK] Epoch 2 widths=[5, 6, 3] L0=1.3804e-02 L1=1.2463e-02 L2=1.4904e-02
[GRO] Unified growth at epoch 2 [where=expressivity_bottleneck]: width at index 2 (+8 params, eps 0.671 -> not scored); 6 candidates considered
[GRO] Epoch 2, train_loss=0.0454, validation_loss=0.0463, test_loss=0.0503 (+0.0000), train_acc=0.418, validation_acc=0.397, test_acc=0.416, scaling=1
Model after growing:
LinearGrowingModule(LinearGrowingModule(Layer 0))(in_features=4, out_features=5, use_bias=True)
LinearGrowingModule(LinearGrowingModule(Layer 1))(in_features=5, out_features=6, use_bias=True)
LinearGrowingModule(LinearGrowingModule(Layer 2))(in_features=6, out_features=4, use_bias=True)
LinearGrowingModule(LinearGrowingModule(Layer 3))(in_features=4, out_features=1, use_bias=True)
[REALIZE] eta=6.3670e-03 realised=97.4% residual=12.9% iters=2
[DAMPING] rho=8.64e-13 lambda=3.602e-08 eps=0.4874 |u|=1.940e+01 eta=6.3670e-03 decrease=9.5638e-01
[FGD-STEP] Epoch 3: loss_before=4.736782e+01, loss_after=4.657506e+01, rel_err_before=0.6871, |r|=1.3765e+01, |g|=1.1224e+01, |u|=1.2989e+01, eta=0.006367, accepted=True
[REALIZE] eta=1.0442e-02 realised=97.3% residual=14.6% iters=4
[DAMPING] rho=2.21e-13 lambda=9.324e-09 eps=0.4795 |u|=4.577e+03 eta=1.0442e-02 decrease=1.5438e+00
[FGD-STEP] Epoch 3: loss_before=4.657506e+01, loss_after=4.530248e+01, rel_err_before=0.6925, |r|=1.3649e+01, |g|=1.1096e+01, |u|=1.2686e+01, eta=0.01044, accepted=True
[REALIZE] eta=9.0474e-03 realised=97.0% residual=14.8% iters=5
[DAMPING] rho=1.69e-14 lambda=7.268e-10 eps=0.4822 |u|=6.783e+03 eta=9.0474e-03 decrease=1.2939e+00
[FGD-STEP] Epoch 3: loss_before=4.530248e+01, loss_after=4.421620e+01, rel_err_before=0.6928, |r|=1.3461e+01, |g|=1.0878e+01, |u|=1.4258e+01, eta=0.009047, accepted=True
[REALIZE] eta=6.3648e-03 realised=98.5% residual=14.2% iters=3
[DAMPING] rho=4.30e-15 lambda=1.871e-10 eps=0.4874 |u|=4.208e+02 eta=6.3648e-03 decrease=8.8149e-01
[FGD-STEP] Epoch 3: loss_before=4.421620e+01, loss_after=4.345730e+01, rel_err_before=0.6869, |r|=1.3299e+01, |g|=1.0792e+01, |u|=1.3532e+01, eta=0.006365, accepted=True
[REALIZE] eta=8.5194e-03 realised=98.5% residual=15.7% iters=2
[DAMPING] rho=1.35e-14 lambda=5.961e-10 eps=0.4832 |u|=3.366e+02 eta=8.5194e-03 decrease=1.1602e+00
[FGD-STEP] Epoch 3: loss_before=4.345730e+01, loss_after=4.245630e+01, rel_err_before=0.6817, |r|=1.3184e+01, |g|=1.0736e+01, |u|=1.3374e+01, eta=0.008519, accepted=True
[REALIZE] eta=7.8566e-03 realised=98.5% residual=15.6% iters=3
[DAMPING] rho=2.57e-14 lambda=1.147e-09 eps=0.4845 |u|=2.567e+02 eta=7.8566e-03 decrease=1.0403e+00
[FGD-STEP] Epoch 3: loss_before=4.245630e+01, loss_after=4.156187e+01, rel_err_before=0.6843, |r|=1.3032e+01, |g|=1.0626e+01, |u|=1.3698e+01, eta=0.007857, accepted=True
[REALIZE] eta=3.8448e-03 realised=98.6% residual=11.7% iters=3
[DAMPING] rho=1.30e-14 lambda=5.836e-10 eps=0.4924 |u|=4.794e+02 eta=3.8448e-03 decrease=4.9350e-01
[FGD-STEP] Epoch 3: loss_before=4.156187e+01, loss_after=4.113037e+01, rel_err_before=0.6877, |r|=1.2894e+01, |g|=1.0574e+01, |u|=1.4674e+01, eta=0.003845, accepted=True
[FAMILY] eta_f=1 certified (cos 0.9062, eps 0.4228)
[CERTIFY] parametric family certified at fixed structure (no growth); eps -> 0.4684
[CERTIFY] family ladder took 1 step(s) in 0 growths
[REALIZE] eta=1.6306e-02 realised=99.4% residual=9.6% iters=2
[DAMPING] rho=3.57e-12 lambda=5.146e-07 eps=0.4684 |u|=2.382e+01 eta=1.6306e-02 decrease=2.1809e+00
[FGD-STEP] Epoch 3: loss_before=4.113037e+01, loss_after=3.870118e+01, rel_err_before=0.6575, |r|=1.2729e+01, |g|=1.0732e+01, |u|=6.1510e+00, eta=0.01631, accepted=True
[FGD] Epoch 3, train_loss=0.0378, validation_loss=0.0378, test_loss=0.0404 (-0.0099), train_acc=0.419, validation_acc=0.438, test_acc=0.434, lr=0.01631, rel_err=0.657
[FGD-WARN] Epoch 3: relative-error condition failed; learning-rate interval invalid; validation certificate rejected 1 batch(es); maximum validation-certified learning rate accepted after transactional search
[BOTTLENECK] Epoch 3 widths=[5, 6, 4] L0=7.0623e-03 L1=4.7343e-03 L2=9.8433e-03
[GRO] Unified growth at epoch 3 [where=expressivity_bottleneck]: width at index 2 (+8 params, eps 0.657 -> not scored); 6 candidates considered
[GRO] Epoch 3, train_loss=0.0378, validation_loss=0.0378, test_loss=0.0404 (-0.0000), train_acc=0.419, validation_acc=0.438, test_acc=0.434, scaling=1
Model after growing:
LinearGrowingModule(LinearGrowingModule(Layer 0))(in_features=4, out_features=5, use_bias=True)
LinearGrowingModule(LinearGrowingModule(Layer 1))(in_features=5, out_features=6, use_bias=True)
LinearGrowingModule(LinearGrowingModule(Layer 2))(in_features=6, out_features=5, use_bias=True)
LinearGrowingModule(LinearGrowingModule(Layer 3))(in_features=5, out_features=1, use_bias=True)
[REALIZE] eta=9.9124e-03 realised=99.3% residual=8.8% iters=3
[DAMPING] rho=5.54e-13 lambda=7.860e-08 eps=0.4806 |u|=2.628e+01 eta=9.9124e-03 decrease=1.2452e+00
[FGD-STEP] Epoch 4: loss_before=3.870118e+01, loss_after=3.766307e+01, rel_err_before=0.6797, |r|=1.2442e+01, |g|=1.0328e+01, |u|=6.6826e+00, eta=0.009912, accepted=True
[REALIZE] eta=1.1749e-02 realised=98.7% residual=13.7% iters=3
[DAMPING] rho=1.00e-13 lambda=1.415e-08 eps=0.4770 |u|=4.143e+02 eta=1.1749e-02 decrease=1.4333e+00
[FGD-STEP] Epoch 4: loss_before=3.766307e+01, loss_after=3.648347e+01, rel_err_before=0.6934, |r|=1.2274e+01, |g|=1.0139e+01, |u|=6.7071e+00, eta=0.01175, accepted=True
[REALIZE] eta=1.0571e-02 realised=98.2% residual=14.9% iters=4
[DAMPING] rho=2.12e-14 lambda=2.977e-09 eps=0.4793 |u|=2.940e+02 eta=1.0571e-02 decrease=1.2396e+00
[FGD-STEP] Epoch 4: loss_before=3.648347e+01, loss_after=3.546371e+01, rel_err_before=0.7058, |r|=1.2080e+01, |g|=9.9721e+00, |u|=7.6826e+00, eta=0.01057, accepted=True
[REALIZE] eta=5.1402e-03 realised=98.8% residual=13.6% iters=3
[DAMPING] rho=5.29e-15 lambda=7.368e-10 eps=0.4898 |u|=3.255e+02 eta=5.1402e-03 decrease=5.7806e-01
[FGD-STEP] Epoch 4: loss_before=3.546371e+01, loss_after=3.498630e+01, rel_err_before=0.7182, |r|=1.1910e+01, |g|=9.7485e+00, |u|=9.8224e+00, eta=0.00514, accepted=True
[FAMILY] eta_f=1 certified (cos 0.9030, eps 0.4297)
[CERTIFY] parametric family certified at fixed structure (no growth); eps -> 0.5103
[CERTIFY] family ladder took 1 step(s) in 0 growths
[CERTIFY] Epoch 4: growth target eps < 0.5 NOT reached (stopped at 0.5103 after 0 growths, reason: family_stepped); step certificate eps < 0.5 FAILS, so no rate is admissible
[FGD] Epoch 4, train_loss=0.0335, validation_loss=0.0372, test_loss=0.0365 (-0.0039), train_acc=0.438, validation_acc=0.443, test_acc=0.460, lr=0.00514
[FGD-WARN] Epoch 4: learning-rate interval invalid; validation certificate rejected 1 batch(es); sensor invalid on 1 validation batch(es); maximum validation-certified learning rate accepted after transactional search
[FAMILY] eta_f=1 certified (cos 0.9073, eps 0.4204)
[CERTIFY] parametric family certified at fixed structure (no growth); eps -> 0.4917
[CERTIFY] family ladder took 1 step(s) in 0 growths
[REALIZE] eta=4.1884e-03 realised=98.9% residual=10.8% iters=4
[DAMPING] rho=1.57e-15 lambda=2.492e-10 eps=0.4917 |u|=6.843e+02 eta=4.1884e-03 decrease=5.2272e-01
[FGD-STEP] Epoch 5: loss_before=3.498630e+01, loss_after=3.802651e+01, rel_err_before=0.6889, |r|=1.2405e+01, |g|=1.0642e+01, |u|=1.1752e+01, eta=0.004188, accepted=True
[REALIZE] eta=1.9533e-03 realised=99.3% residual=10.1% iters=4
[DAMPING] rho=2.32e-16 lambda=3.674e-11 eps=0.4961 |u|=5.909e+02 eta=1.9533e-03 decrease=2.3972e-01
[FGD-STEP] Epoch 5: loss_before=3.802651e+01, loss_after=3.782253e+01, rel_err_before=0.6925, |r|=1.2333e+01, |g|=1.0606e+01, |u|=1.4783e+01, eta=0.001953, accepted=True
[REALIZE] eta=1.2742e-03 realised=99.2% residual=10.3% iters=4
[DAMPING] rho=2.79e-16 lambda=4.411e-11 eps=0.4975 |u|=6.091e+02 eta=1.2742e-03 decrease=1.5525e-01
[FGD-STEP] Epoch 5: loss_before=3.782253e+01, loss_after=3.769055e+01, rel_err_before=0.6964, |r|=1.2300e+01, |g|=1.0536e+01, |u|=1.4644e+01, eta=0.001274, accepted=True
[FAMILY] eta_f=1 certified (cos 0.9158, eps 0.4016)
[CERTIFY] parametric family certified at fixed structure (no growth); eps -> 0.4799
[CERTIFY] family ladder took 1 step(s) in 0 growths
[REALIZE] eta=1.0068e-02 realised=95.9% residual=19.8% iters=5
[DAMPING] rho=2.33e-14 lambda=2.091e-09 eps=0.4803 |u|=2.790e+02 eta=1.0068e-02 decrease=1.2184e+00
[FGD-STEP] Epoch 5: loss_before=3.769055e+01, loss_after=3.890287e+01, rel_err_before=0.6562, |r|=1.2648e+01, |g|=1.0214e+01, |u|=1.5063e+01, eta=0.01007, accepted=True
[REALIZE] eta=5.5505e-03 realised=95.8% residual=17.2% iters=8
[DAMPING] rho=4.74e-15 lambda=4.236e-10 eps=0.4890 |u|=7.234e+02 eta=5.5505e-03 decrease=6.4677e-01
[FGD-STEP] Epoch 5: loss_before=3.890287e+01, loss_after=3.830940e+01, rel_err_before=0.6528, |r|=1.2474e+01, |g|=1.0240e+01, |u|=1.9285e+01, eta=0.005551, accepted=True
[REALIZE] eta=6.4112e-03 realised=96.0% residual=19.5% iters=5
[DAMPING] rho=4.77e-15 lambda=4.260e-10 eps=0.4873 |u|=4.932e+02 eta=6.4112e-03 decrease=7.3545e-01
[FGD-STEP] Epoch 5: loss_before=3.830940e+01, loss_after=3.763962e+01, rel_err_before=0.6622, |r|=1.2379e+01, |g|=1.0076e+01, |u|=1.5919e+01, eta=0.006411, accepted=True
[REALIZE] eta=6.4887e-03 realised=95.1% residual=21.0% iters=4
[DAMPING] rho=4.37e-15 lambda=3.898e-10 eps=0.4872 |u|=1.259e+03 eta=6.4887e-03 decrease=7.2998e-01
[FGD-STEP] Epoch 5: loss_before=3.763962e+01, loss_after=3.698065e+01, rel_err_before=0.6681, |r|=1.2270e+01, |g|=9.9581e+00, |u|=1.5756e+01, eta=0.006489, accepted=True
[REALIZE] eta=2.5381e-03 realised=98.1% residual=17.3% iters=5
[DAMPING] rho=2.25e-15 lambda=2.010e-10 eps=0.4949 |u|=1.521e+02 eta=2.5381e-03 decrease=2.7829e-01
[FGD-STEP] Epoch 5: loss_before=3.698065e+01, loss_after=3.672428e+01, rel_err_before=0.6634, |r|=1.2162e+01, |g|=1.0030e+01, |u|=2.3258e+01, eta=0.002538, accepted=True
[FGD] Epoch 5, train_loss=0.0331, validation_loss=0.0359, test_loss=0.0395 (+0.0030), train_acc=0.454, validation_acc=0.446, test_acc=0.455, lr=0.002538, rel_err=0.663
[FGD-WARN] Epoch 5: relative-error condition failed; learning-rate interval invalid; validation certificate rejected 1 batch(es); maximum validation-certified learning rate accepted after transactional search
[BOTTLENECK] Epoch 5 widths=[5, 6, 5] L0=1.5955e-02 L1=4.9363e-03 L2=2.7580e-04
[GRO] Unified growth at epoch 5 [where=expressivity_bottleneck]: width at index 0 (+11 params, eps 0.663 -> not scored); 6 candidates considered
[GRO] Epoch 5, train_loss=0.0331, validation_loss=0.0359, test_loss=0.0395 (+0.0000), train_acc=0.454, validation_acc=0.446, test_acc=0.455, scaling=1
Model after growing:
LinearGrowingModule(LinearGrowingModule(Layer 0))(in_features=4, out_features=6, use_bias=True)
LinearGrowingModule(LinearGrowingModule(Layer 1))(in_features=6, out_features=6, use_bias=True)
LinearGrowingModule(LinearGrowingModule(Layer 2))(in_features=6, out_features=5, use_bias=True)
LinearGrowingModule(LinearGrowingModule(Layer 3))(in_features=5, out_features=1, use_bias=True)
[REALIZE] eta=3.8040e-03 realised=95.1% residual=20.6% iters=4
[DAMPING] rho=1.81e-15 lambda=1.611e-10 eps=0.4924 |u|=1.597e+03 eta=3.8040e-03 decrease=4.1464e-01
[FGD-STEP] Epoch 6: loss_before=3.672428e+01, loss_after=3.635610e+01, rel_err_before=0.6944, |r|=1.2120e+01, |g|=9.6724e+00, |u|=1.8516e+01, eta=0.003804, accepted=True
[REALIZE] eta=6.7017e-03 realised=94.4% residual=22.1% iters=4
[DAMPING] rho=2.21e-15 lambda=1.972e-10 eps=0.4868 |u|=7.953e+02 eta=6.7017e-03 decrease=7.2544e-01
[FGD-STEP] Epoch 6: loss_before=3.635610e+01, loss_after=3.572526e+01, rel_err_before=0.7014, |r|=1.2059e+01, |g|=9.4835e+00, |u|=1.5799e+01, eta=0.006702, accepted=True
[REALIZE] eta=4.8586e-03 realised=94.3% residual=22.3% iters=2
[DAMPING] rho=1.13e-14 lambda=1.016e-09 eps=0.4904 |u|=1.161e+02 eta=4.8586e-03 decrease=5.1403e-01
[FGD-STEP] Epoch 6: loss_before=3.572526e+01, loss_after=3.527287e+01, rel_err_before=0.7039, |r|=1.1954e+01, |g|=9.4336e+00, |u|=1.5781e+01, eta=0.004859, accepted=True
[REALIZE] eta=3.5461e-03 realised=97.3% residual=19.5% iters=5
[DAMPING] rho=2.78e-15 lambda=2.500e-10 eps=0.4930 |u|=1.047e+02 eta=3.5461e-03 decrease=3.6903e-01
[FGD-STEP] Epoch 6: loss_before=3.527287e+01, loss_after=3.493917e+01, rel_err_before=0.6936, |r|=1.1878e+01, |g|=9.5058e+00, |u|=1.9092e+01, eta=0.003546, accepted=True
[REALIZE] eta=1.9199e-03 realised=98.7% residual=14.8% iters=9
[DAMPING] rho=2.55e-15 lambda=2.293e-10 eps=0.4962 |u|=1.030e+02 eta=1.9199e-03 decrease=1.9712e-01
[FGD-STEP] Epoch 6: loss_before=3.493917e+01, loss_after=3.475560e+01, rel_err_before=0.6750, |r|=1.1822e+01, |g|=9.6576e+00, |u|=3.1556e+01, eta=0.00192, accepted=True
[REALIZE] eta=2.9107e-03 realised=95.3% residual=21.7% iters=2
[DAMPING] rho=1.27e-14 lambda=1.136e-09 eps=0.4942 |u|=1.020e+02 eta=2.9107e-03 decrease=2.9752e-01
[FGD-STEP] Epoch 6: loss_before=3.475560e+01, loss_after=3.448948e+01, rel_err_before=0.7040, |r|=1.1791e+01, |g|=9.3579e+00, |u|=1.6831e+01, eta=0.002911, accepted=True
[FAMILY] eta_f=1 certified (cos 0.9160, eps 0.4012)
[CERTIFY] parametric family certified at fixed structure (no growth); eps -> 0.4659
[CERTIFY] family ladder took 1 step(s) in 0 growths
[REALIZE] eta=1.7640e-02 realised=100.2% residual=8.3% iters=3
[DAMPING] rho=1.90e-12 lambda=3.510e-07 eps=0.4659 |u|=2.055e+01 eta=1.7640e-02 decrease=1.8485e+00
[FGD-STEP] Epoch 6: loss_before=3.448948e+01, loss_after=2.996590e+01, rel_err_before=0.6645, |r|=1.1227e+01, |g|=9.4265e+00, |u|=8.2634e+00, eta=0.01764, accepted=True
[REALIZE] eta=9.8654e-03 realised=99.4% residual=4.7% iters=4
[DAMPING] rho=6.28e-13 lambda=1.143e-07 eps=0.4807 |u|=1.889e+01 eta=9.8654e-03 decrease=9.6383e-01
[FGD-STEP] Epoch 6: loss_before=2.996590e+01, loss_after=2.915906e+01, rel_err_before=0.6829, |r|=1.0948e+01, |g|=9.1860e+00, |u|=1.0055e+01, eta=0.009865, accepted=True
[FGD] Epoch 6, train_loss=0.0284, validation_loss=0.0285, test_loss=0.0314 (-0.0081), train_acc=0.475, validation_acc=0.465, test_acc=0.475, lr=0.009865, rel_err=0.683
[FGD-WARN] Epoch 6: relative-error condition failed; learning-rate interval invalid; validation certificate rejected 1 batch(es); maximum validation-certified learning rate accepted after transactional search
[BOTTLENECK] Epoch 6 widths=[6, 6, 5] L0=2.0569e-02 L1=5.1703e-03 L2=5.4934e-04
[GRO] Unified growth at epoch 6 [where=expressivity_bottleneck]: width at index 0 (+11 params, eps 0.683 -> not scored); 6 candidates considered
[GRO] Epoch 6, train_loss=0.0284, validation_loss=0.0285, test_loss=0.0314 (+0.0000), train_acc=0.475, validation_acc=0.465, test_acc=0.475, scaling=1
Model after growing:
LinearGrowingModule(LinearGrowingModule(Layer 0))(in_features=4, out_features=7, use_bias=True)
LinearGrowingModule(LinearGrowingModule(Layer 1))(in_features=7, out_features=6, use_bias=True)
LinearGrowingModule(LinearGrowingModule(Layer 2))(in_features=6, out_features=5, use_bias=True)
LinearGrowingModule(LinearGrowingModule(Layer 3))(in_features=5, out_features=1, use_bias=True)
[REALIZE] eta=7.1841e-03 realised=99.3% residual=5.6% iters=4
[DAMPING] rho=1.83e-13 lambda=3.292e-08 eps=0.4858 |u|=1.563e+01 eta=7.1841e-03 decrease=6.7700e-01
[FGD-STEP] Epoch 7: loss_before=2.915906e+01, loss_after=2.859170e+01, rel_err_before=0.6951, |r|=1.0800e+01, |g|=9.0282e+00, |u|=1.0487e+01, eta=0.007184, accepted=True
[REALIZE] eta=6.4881e-03 realised=100.2% residual=6.7% iters=3
[DAMPING] rho=9.68e-14 lambda=1.730e-08 eps=0.4872 |u|=3.434e+01 eta=6.4881e-03 decrease=5.9675e-01
[FGD-STEP] Epoch 7: loss_before=2.859170e+01, loss_after=2.808359e+01, rel_err_before=0.6890, |r|=1.0694e+01, |g|=9.0321e+00, |u|=1.0244e+01, eta=0.006488, accepted=True
[REALIZE] eta=3.4433e-03 realised=99.7% residual=4.5% iters=3
[DAMPING] rho=1.95e-13 lambda=3.466e-08 eps=0.4932 |u|=2.041e+01 eta=3.4433e-03 decrease=3.0865e-01
[FGD-STEP] Epoch 7: loss_before=2.808359e+01, loss_after=2.782126e+01, rel_err_before=0.6990, |r|=1.0599e+01, |g|=8.9369e+00, |u|=1.0138e+01, eta=0.003443, accepted=True
[REALIZE] eta=1.0273e-03 realised=99.6% residual=4.7% iters=2
[DAMPING] rho=4.79e-14 lambda=8.489e-09 eps=0.4979 |u|=1.625e+01 eta=1.0273e-03 decrease=9.0729e-02
[FGD-STEP] Epoch 7: loss_before=2.782126e+01, loss_after=2.774396e+01, rel_err_before=0.7039, |r|=1.0549e+01, |g|=8.8340e+00, |u|=8.5694e+00, eta=0.001027, accepted=True
[REALIZE] eta=1.0354e-03 realised=99.7% residual=3.8% iters=3
[DAMPING] rho=4.31e-14 lambda=7.637e-09 eps=0.4979 |u|=1.706e+01 eta=1.0354e-03 decrease=9.1146e-02
[FGD-STEP] Epoch 7: loss_before=2.774396e+01, loss_after=2.766613e+01, rel_err_before=0.7034, |r|=1.0535e+01, |g|=8.8324e+00, |u|=1.0289e+01, eta=0.001035, accepted=True
[REALIZE] eta=2.9211e-04 realised=99.7% residual=3.9% iters=3
[DAMPING] rho=6.62e-14 lambda=1.171e-08 eps=0.4994 |u|=1.639e+01 eta=2.9211e-04 decrease=2.5598e-02
[FGD-STEP] Epoch 7: loss_before=2.766613e+01, loss_after=2.764429e+01, rel_err_before=0.7062, |r|=1.0520e+01, |g|=8.8059e+00, |u|=1.0298e+01, eta=0.0002921, accepted=True
[REALIZE] eta=3.9182e-04 realised=99.6% residual=4.9% iters=2
[DAMPING] rho=1.65e-14 lambda=2.909e-09 eps=0.4992 |u|=1.605e+01 eta=3.9182e-04 decrease=3.4310e-02
[FGD-STEP] Epoch 7: loss_before=2.764429e+01, loss_after=2.761509e+01, rel_err_before=0.7082, |r|=1.0516e+01, |g|=8.7922e+00, |u|=8.7000e+00, eta=0.0003918, accepted=True
[REALIZE] eta=1.6955e-04 realised=99.9% residual=4.0% iters=3
[DAMPING] rho=4.02e-14 lambda=7.102e-09 eps=0.4997 |u|=1.605e+01 eta=1.6955e-04 decrease=1.4823e-02
[FGD-STEP] Epoch 7: loss_before=2.761509e+01, loss_after=2.760243e+01, rel_err_before=0.7058, |r|=1.0510e+01, |g|=8.8166e+00, |u|=1.0334e+01, eta=0.0001695, accepted=True
[FGD] Epoch 7, train_loss=0.0267, validation_loss=0.0270, test_loss=0.0297 (-0.0016), train_acc=0.490, validation_acc=0.483, test_acc=0.488, lr=0.0001695, rel_err=0.706
[FGD-WARN] Epoch 7: relative-error condition failed; learning-rate interval invalid; validation certificate rejected 1 batch(es); maximum validation-certified learning rate accepted after transactional search
[BOTTLENECK] Epoch 7 widths=[7, 6, 5] L0=2.2705e-04 L1=5.0960e-03 L2=5.3887e-04
[GRO] Unified growth at epoch 7 [where=expressivity_bottleneck]: width at index 1 (+13 params, eps 0.706 -> not scored); 6 candidates considered
[GRO] Epoch 7, train_loss=0.0267, validation_loss=0.0270, test_loss=0.0297 (+0.0000), train_acc=0.490, validation_acc=0.483, test_acc=0.488, scaling=1
Model after growing:
LinearGrowingModule(LinearGrowingModule(Layer 0))(in_features=4, out_features=7, use_bias=True)
LinearGrowingModule(LinearGrowingModule(Layer 1))(in_features=7, out_features=7, use_bias=True)
LinearGrowingModule(LinearGrowingModule(Layer 2))(in_features=7, out_features=5, use_bias=True)
LinearGrowingModule(LinearGrowingModule(Layer 3))(in_features=5, out_features=1, use_bias=True)
[REALIZE] eta=1.9532e-03 realised=99.7% residual=4.0% iters=3
[DAMPING] rho=1.44e-13 lambda=2.538e-08 eps=0.4961 |u|=1.724e+01 eta=1.9532e-03 decrease=1.7114e-01
[FGD-STEP] Epoch 8: loss_before=2.760243e+01, loss_after=2.745633e+01, rel_err_before=0.7030, |r|=1.0508e+01, |g|=8.8291e+00, |u|=1.0986e+01, eta=0.001953, accepted=True
[REALIZE] eta=7.3322e-03 realised=99.8% residual=12.4% iters=2
[DAMPING] rho=5.29e-15 lambda=9.328e-10 eps=0.4855 |u|=3.351e+03 eta=7.3322e-03 decrease=6.4371e-01
[FGD-STEP] Epoch 8: loss_before=2.745633e+01, loss_after=2.690940e+01, rel_err_before=0.7079, |r|=1.0480e+01, |g|=8.7509e+00, |u|=7.8283e+00, eta=0.007332, accepted=True
[REALIZE] eta=6.5335e-03 realised=98.0% residual=13.2% iters=3
[DAMPING] rho=2.39e-15 lambda=4.190e-10 eps=0.4871 |u|=1.732e+03 eta=6.5335e-03 decrease=5.5962e-01
[FGD-STEP] Epoch 8: loss_before=2.690940e+01, loss_after=2.644494e+01, rel_err_before=0.7179, |r|=1.0375e+01, |g|=8.6160e+00, |u|=8.6295e+00, eta=0.006534, accepted=True
[REALIZE] eta=4.5648e-03 realised=100.0% residual=12.3% iters=3
[DAMPING] rho=1.69e-15 lambda=2.932e-10 eps=0.4910 |u|=1.043e+03 eta=4.5648e-03 decrease=3.8186e-01
[FGD-STEP] Epoch 8: loss_before=2.644494e+01, loss_after=2.611980e+01, rel_err_before=0.7184, |r|=1.0285e+01, |g|=8.5405e+00, |u|=1.1988e+01, eta=0.004565, accepted=True
[REALIZE] eta=3.3204e-03 realised=101.0% residual=12.1% iters=3
[DAMPING] rho=1.58e-15 lambda=2.729e-10 eps=0.4934 |u|=6.750e+02 eta=3.3204e-03 decrease=2.7320e-01
[FGD-STEP] Epoch 8: loss_before=2.611980e+01, loss_after=2.588436e+01, rel_err_before=0.7250, |r|=1.0222e+01, |g|=8.4151e+00, |u|=1.2828e+01, eta=0.00332, accepted=True
[REALIZE] eta=3.1057e-03 realised=97.9% residual=10.8% iters=4
[DAMPING] rho=2.23e-15 lambda=3.833e-10 eps=0.4938 |u|=4.730e+02 eta=3.1057e-03 decrease=2.5271e-01
[FGD-STEP] Epoch 8: loss_before=2.588436e+01, loss_after=2.567482e+01, rel_err_before=0.7420, |r|=1.0175e+01, |g|=8.2688e+00, |u|=1.4137e+01, eta=0.003106, accepted=True
[REALIZE] eta=2.4888e-03 realised=98.5% residual=8.4% iters=6
[DAMPING] rho=1.53e-15 lambda=2.624e-10 eps=0.4950 |u|=4.347e+02 eta=2.4888e-03 decrease=2.0036e-01
[FGD-STEP] Epoch 8: loss_before=2.567482e+01, loss_after=2.550726e+01, rel_err_before=0.7438, |r|=1.0134e+01, |g|=8.2273e+00, |u|=1.7508e+01, eta=0.002489, accepted=True
[REALIZE] eta=3.0705e-03 realised=97.4% residual=10.4% iters=4
[DAMPING] rho=2.91e-15 lambda=4.986e-10 eps=0.4939 |u|=4.071e+02 eta=3.0705e-03 decrease=2.4548e-01
[FGD-STEP] Epoch 8: loss_before=2.550726e+01, loss_after=2.530473e+01, rel_err_before=0.7489, |r|=1.0101e+01, |g|=8.1541e+00, |u|=1.5305e+01, eta=0.00307, accepted=True
[FGD] Epoch 8, train_loss=0.0240, validation_loss=0.0247, test_loss=0.0273 (-0.0024), train_acc=0.512, validation_acc=0.504, test_acc=0.510, lr=0.00307, rel_err=0.749
[FGD-WARN] Epoch 8: relative-error condition failed; learning-rate interval invalid; validation certificate rejected 1 batch(es); maximum validation-certified learning rate accepted after transactional search
[BOTTLENECK] Epoch 8 widths=[7, 7, 5] L0=2.0715e-04 L1=2.6522e-03 L2=2.2129e-03
[GRO] Unified growth at epoch 8 [where=expressivity_bottleneck]: width at index 1 (+13 params, eps 0.749 -> not scored); 6 candidates considered
[GRO] Epoch 8, train_loss=0.0240, validation_loss=0.0247, test_loss=0.0273 (+0.0000), train_acc=0.512, validation_acc=0.504, test_acc=0.510, scaling=1
Model after growing:
LinearGrowingModule(LinearGrowingModule(Layer 0))(in_features=4, out_features=7, use_bias=True)
LinearGrowingModule(LinearGrowingModule(Layer 1))(in_features=7, out_features=8, use_bias=True)
LinearGrowingModule(LinearGrowingModule(Layer 2))(in_features=8, out_features=5, use_bias=True)
LinearGrowingModule(LinearGrowingModule(Layer 3))(in_features=5, out_features=1, use_bias=True)
[REALIZE] eta=4.0269e-03 realised=98.4% residual=8.8% iters=6
[DAMPING] rho=6.11e-15 lambda=1.042e-09 eps=0.4920 |u|=4.059e+02 eta=4.0269e-03 decrease=3.1934e-01
[FGD-STEP] Epoch 9: loss_before=2.530473e+01, loss_after=2.504002e+01, rel_err_before=0.7455, |r|=1.0061e+01, |g|=8.1466e+00, |u|=1.4971e+01, eta=0.004027, accepted=True
[REALIZE] eta=6.3458e-03 realised=100.1% residual=13.1% iters=5
[DAMPING] rho=5.10e-15 lambda=8.676e-10 eps=0.4875 |u|=1.670e+03 eta=6.3458e-03 decrease=4.9863e-01
[FGD-STEP] Epoch 9: loss_before=2.504002e+01, loss_after=2.462039e+01, rel_err_before=0.7454, |r|=1.0008e+01, |g|=8.1054e+00, |u|=1.1628e+01, eta=0.006346, accepted=True
[REALIZE] eta=6.1778e-03 realised=100.2% residual=12.9% iters=5
[DAMPING] rho=6.00e-15 lambda=1.015e-09 eps=0.4878 |u|=8.141e+02 eta=6.1778e-03 decrease=4.7550e-01
[FGD-STEP] Epoch 9: loss_before=2.462039e+01, loss_after=2.422136e+01, rel_err_before=0.7593, |r|=9.9238e+00, |g|=7.9378e+00, |u|=1.2669e+01, eta=0.006178, accepted=True
[REALIZE] eta=8.1820e-04 realised=99.4% residual=7.8% iters=5
[DAMPING] rho=7.55e-17 lambda=1.267e-11 eps=0.4984 |u|=4.185e+02 eta=8.1820e-04 decrease=6.1220e-02
[FGD-STEP] Epoch 9: loss_before=2.422136e+01, loss_after=2.417011e+01, rel_err_before=0.7483, |r|=9.8430e+00, |g|=7.9745e+00, |u|=1.7166e+01, eta=0.0008182, accepted=True
[REALIZE] eta=3.3400e-05 realised=100.2% residual=10.7% iters=4
[DAMPING] rho=8.98e-17 lambda=1.507e-11 eps=0.4999 |u|=4.528e+02 eta=3.3400e-05 decrease=2.4894e-03
[FGD-STEP] Epoch 9: loss_before=2.417011e+01, loss_after=2.416801e+01, rel_err_before=0.7423, |r|=9.8326e+00, |g|=8.0186e+00, |u|=1.5808e+01, eta=3.34e-05, accepted=True
[REALIZE] eta=2.1116e-05 realised=100.5% residual=13.9% iters=4
[DAMPING] rho=1.81e-18 lambda=3.034e-13 eps=0.5000 |u|=4.518e+02 eta=2.1116e-05 decrease=1.5737e-03
[FGD-STEP] Epoch 9: loss_before=2.416801e+01, loss_after=2.416666e+01, rel_err_before=0.7323, |r|=9.8322e+00, |g|=8.1368e+00, |u|=1.6248e+01, eta=2.112e-05, accepted=True
[REALIZE] eta=2.6492e-06 realised=130.6% residual=79.0% iters=7
[DAMPING] rho=7.04e-17 lambda=1.181e-11 eps=0.5000 |u|=4.529e+02 eta=2.6492e-06 decrease=1.9741e-04
[FGD] Epoch 9, train_loss=0.0227, validation_loss=0.0236, test_loss=0.0261 (-0.0012), train_acc=0.526, validation_acc=0.515, test_acc=0.522, lr=2.112e-05, rel_err=0.732
[FGD-WARN] Epoch 9: relative-error condition failed; learning-rate interval invalid; validation certificate rejected 1 batch(es); maximum validation-certified learning rate accepted after transactional search
[BOTTLENECK] Epoch 9 widths=[7, 8, 5] L0=1.9079e-04 L1=1.8977e-03 L2=2.6986e-03
[GRO] Unified growth at epoch 9 [where=expressivity_bottleneck]: width at index 2 (+10 params, eps 0.732 -> not scored); 6 candidates considered
[GRO] Epoch 9, train_loss=0.0227, validation_loss=0.0236, test_loss=0.0261 (+0.0000), train_acc=0.526, validation_acc=0.515, test_acc=0.522, scaling=1
Model after growing:
LinearGrowingModule(LinearGrowingModule(Layer 0))(in_features=4, out_features=7, use_bias=True)
LinearGrowingModule(LinearGrowingModule(Layer 1))(in_features=7, out_features=8, use_bias=True)
LinearGrowingModule(LinearGrowingModule(Layer 2))(in_features=8, out_features=6, use_bias=True)
LinearGrowingModule(LinearGrowingModule(Layer 3))(in_features=6, out_features=1, use_bias=True)
[REALIZE] eta=2.4293e-03 realised=99.3% residual=9.4% iters=4
[DAMPING] rho=5.29e-17 lambda=8.870e-12 eps=0.4952 |u|=5.032e+02 eta=2.4293e-03 decrease=1.8172e-01
[FGD-STEP] Epoch 10: loss_before=2.416666e+01, loss_after=2.401500e+01, rel_err_before=0.7490, |r|=9.8319e+00, |g|=7.9340e+00, |u|=1.5959e+01, eta=0.002429, accepted=True
[REALIZE] eta=1.1503e-02 realised=97.0% residual=17.7% iters=4
[DAMPING] rho=4.60e-16 lambda=7.698e-11 eps=0.4775 |u|=1.176e+03 eta=1.1503e-02 decrease=8.6582e-01
[FGD-STEP] Epoch 10: loss_before=2.401500e+01, loss_after=2.332359e+01, rel_err_before=0.7618, |r|=9.8010e+00, |g|=7.8149e+00, |u|=9.5965e+00, eta=0.0115, accepted=True
[REALIZE] eta=5.3995e-03 realised=98.2% residual=15.4% iters=3
[DAMPING] rho=2.13e-16 lambda=3.539e-11 eps=0.4893 |u|=3.335e+02 eta=5.3995e-03 decrease=3.8842e-01
[FGD-STEP] Epoch 10: loss_before=2.332359e+01, loss_after=2.300768e+01, rel_err_before=0.7736, |r|=9.6589e+00, |g|=7.6685e+00, |u|=1.2796e+01, eta=0.005399, accepted=True
[REALIZE] eta=2.0348e-03 realised=98.7% residual=13.4% iters=4
[DAMPING] rho=5.17e-16 lambda=8.539e-11 eps=0.4959 |u|=2.819e+02 eta=2.0348e-03 decrease=1.4316e-01
[FGD-STEP] Epoch 10: loss_before=2.300768e+01, loss_after=2.289120e+01, rel_err_before=0.7885, |r|=9.5933e+00, |g|=7.6106e+00, |u|=1.6194e+01, eta=0.002035, accepted=True
[REALIZE] eta=6.8257e-04 realised=98.8% residual=13.2% iters=4
[DAMPING] rho=9.83e-16 lambda=1.622e-10 eps=0.4986 |u|=2.548e+02 eta=6.8257e-04 decrease=4.7614e-02
[FGD-STEP] Epoch 10: loss_before=2.289120e+01, loss_after=2.285213e+01, rel_err_before=0.7815, |r|=9.5689e+00, |g|=7.6175e+00, |u|=1.5973e+01, eta=0.0006826, accepted=True
[REALIZE] eta=4.8491e-04 realised=98.9% residual=12.9% iters=5
[DAMPING] rho=2.31e-16 lambda=3.817e-11 eps=0.4990 |u|=2.474e+02 eta=4.8491e-04 decrease=3.3743e-02
[FGD-STEP] Epoch 10: loss_before=2.285213e+01, loss_after=2.282462e+01, rel_err_before=0.7888, |r|=9.5608e+00, |g|=7.6034e+00, |u|=1.7352e+01, eta=0.0004849, accepted=True
[FAMILY] eta_f=1 certified (cos 0.8987, eps 0.4386)
[CERTIFY] parametric family certified at fixed structure (no growth); eps -> 0.4494
[CERTIFY] family ladder took 1 step(s) in 0 growths
[REALIZE] eta=2.6621e-02 realised=98.3% residual=36.8% iters=6
[DAMPING] rho=1.32e-13 lambda=1.271e-08 eps=0.4494 |u|=8.594e+01 eta=2.6621e-02 decrease=1.9436e+00
[FGD-STEP] Epoch 10: loss_before=2.282462e+01, loss_after=2.461803e+01, rel_err_before=0.7431, |r|=1.0257e+01, |g|=8.1354e+00, |u|=1.1585e+01, eta=0.02662, accepted=True
[REALIZE] eta=1.6856e-02 realised=98.1% residual=31.6% iters=3
[DAMPING] rho=3.74e-14 lambda=3.743e-09 eps=0.4674 |u|=1.028e+02 eta=1.6856e-02 decrease=1.1182e+00
[FGD-STEP] Epoch 10: loss_before=2.461803e+01, loss_after=2.358877e+01, rel_err_before=0.7368, |r|=9.9233e+00, |g|=8.0037e+00, |u|=1.0436e+01, eta=0.01686, accepted=True
[FGD] Epoch 10, train_loss=0.0187, validation_loss=0.0230, test_loss=0.0252 (-0.0009), train_acc=0.578, validation_acc=0.536, test_acc=0.551, lr=0.01686, rel_err=0.737
[FGD-WARN] Epoch 10: relative-error condition failed; learning-rate interval invalid; validation certificate rejected 1 batch(es); maximum validation-certified learning rate accepted after transactional search
[BOTTLENECK] Epoch 10 widths=[7, 8, 6] L0=2.1754e-04 L1=7.4046e-03 L2=7.7657e-04
[GRO] Unified growth at epoch 10 [where=expressivity_bottleneck]: width at index 1 (+14 params, eps 0.737 -> not scored); 6 candidates considered
[GRO] Epoch 10, train_loss=0.0187, validation_loss=0.0230, test_loss=0.0252 (+0.0000), train_acc=0.578, validation_acc=0.536, test_acc=0.551, scaling=1
Model after growing:
LinearGrowingModule(LinearGrowingModule(Layer 0))(in_features=4, out_features=7, use_bias=True)
LinearGrowingModule(LinearGrowingModule(Layer 1))(in_features=7, out_features=9, use_bias=True)
LinearGrowingModule(LinearGrowingModule(Layer 2))(in_features=9, out_features=6, use_bias=True)
LinearGrowingModule(LinearGrowingModule(Layer 3))(in_features=6, out_features=1, use_bias=True)
[REALIZE] eta=1.3210e-02 realised=92.8% residual=39.8% iters=2
[DAMPING] rho=3.91e-14 lambda=3.926e-09 eps=0.4743 |u|=1.049e+02 eta=1.3210e-02 decrease=8.2756e-01
[FGD-STEP] Epoch 11: loss_before=2.358877e+01, loss_after=2.282587e+01, rel_err_before=0.7403, |r|=9.7137e+00, |g|=7.7479e+00, |u|=1.0688e+01, eta=0.01321, accepted=True
[REALIZE] eta=9.9676e-03 realised=93.6% residual=20.0% iters=4
[DAMPING] rho=1.40e-14 lambda=1.424e-09 eps=0.4805 |u|=1.734e+02 eta=9.9676e-03 decrease=5.9889e-01
[FGD-STEP] Epoch 11: loss_before=2.282587e+01, loss_after=2.225876e+01, rel_err_before=0.7515, |r|=9.5553e+00, |g|=7.6916e+00, |u|=1.0337e+01, eta=0.009968, accepted=True
[REALIZE] eta=4.8424e-03 realised=97.0% residual=15.6% iters=5
[DAMPING] rho=1.20e-14 lambda=1.226e-09 eps=0.4904 |u|=1.061e+02 eta=4.8424e-03 decrease=2.8018e-01
[FGD-STEP] Epoch 11: loss_before=2.225876e+01, loss_after=2.198796e+01, rel_err_before=0.7656, |r|=9.4358e+00, |g|=7.7647e+00, |u|=1.1622e+01, eta=0.004842, accepted=True
[REALIZE] eta=2.9596e-03 realised=95.6% residual=18.0% iters=2
[DAMPING] rho=9.90e-16 lambda=1.014e-10 eps=0.4941 |u|=1.284e+02 eta=2.9596e-03 decrease=1.6820e-01
[FGD-STEP] Epoch 11: loss_before=2.198796e+01, loss_after=2.182517e+01, rel_err_before=0.7713, |r|=9.3783e+00, |g|=7.5830e+00, |u|=1.1280e+01, eta=0.00296, accepted=True
[REALIZE] eta=2.1257e-03 realised=98.4% residual=12.9% iters=6
[DAMPING] rho=2.25e-15 lambda=2.310e-10 eps=0.4958 |u|=1.164e+02 eta=2.1257e-03 decrease=1.1957e-01
[FGD-STEP] Epoch 11: loss_before=2.182517e+01, loss_after=2.170294e+01, rel_err_before=0.7592, |r|=9.3435e+00, |g|=7.8265e+00, |u|=1.6116e+01, eta=0.002126, accepted=True
[REALIZE] eta=1.1279e-03 realised=98.7% residual=12.2% iters=4
[DAMPING] rho=1.71e-15 lambda=1.754e-10 eps=0.4977 |u|=1.206e+02 eta=1.1279e-03 decrease=6.2925e-02
[FGD-STEP] Epoch 11: loss_before=2.170294e+01, loss_after=2.163799e+01, rel_err_before=0.7340, |r|=9.3173e+00, |g|=7.8182e+00, |u|=1.5996e+01, eta=0.001128, accepted=True
[REALIZE] eta=1.1000e-03 realised=98.7% residual=12.5% iters=4
[DAMPING] rho=1.54e-15 lambda=1.582e-10 eps=0.4978 |u|=1.256e+02 eta=1.1000e-03 decrease=6.1146e-02
[FGD-STEP] Epoch 11: loss_before=2.163799e+01, loss_after=2.157475e+01, rel_err_before=0.7316, |r|=9.3033e+00, |g|=7.7947e+00, |u|=1.6047e+01, eta=0.0011, accepted=True
[REALIZE] eta=8.7802e-04 realised=99.1% residual=12.0% iters=5
[DAMPING] rho=3.88e-15 lambda=3.979e-10 eps=0.4982 |u|=1.241e+02 eta=8.7802e-04 decrease=4.8623e-02
[FGD-STEP] Epoch 11: loss_before=2.157475e+01, loss_after=2.152395e+01, rel_err_before=0.7260, |r|=9.2897e+00, |g|=7.8495e+00, |u|=1.7176e+01, eta=0.000878, accepted=True
[FGD] Epoch 11, train_loss=0.0168, validation_loss=0.0210, test_loss=0.0230 (-0.0021), train_acc=0.604, validation_acc=0.564, test_acc=0.573, lr=0.000878, rel_err=0.726
[FGD-WARN] Epoch 11: relative-error condition failed; learning-rate interval invalid; validation certificate rejected 1 batch(es); maximum validation-certified learning rate accepted after transactional search
[BOTTLENECK] Epoch 11 widths=[7, 9, 6] L0=1.6677e-04 L1=2.5874e-03 L2=2.6939e-03
[GRO] Unified growth at epoch 11 [where=expressivity_bottleneck]: width at index 2 (+11 params, eps 0.726 -> not scored); 6 candidates considered
[GRO] Epoch 11, train_loss=0.0168, validation_loss=0.0210, test_loss=0.0230 (+0.0000), train_acc=0.604, validation_acc=0.564, test_acc=0.573, scaling=1
Model after growing:
LinearGrowingModule(LinearGrowingModule(Layer 0))(in_features=4, out_features=7, use_bias=True)
LinearGrowingModule(LinearGrowingModule(Layer 1))(in_features=7, out_features=9, use_bias=True)
LinearGrowingModule(LinearGrowingModule(Layer 2))(in_features=9, out_features=7, use_bias=True)
LinearGrowingModule(LinearGrowingModule(Layer 3))(in_features=7, out_features=1, use_bias=True)
[REALIZE] eta=8.2211e-04 realised=99.1% residual=11.6% iters=5
[DAMPING] rho=4.00e-16 lambda=4.109e-11 eps=0.4984 |u|=1.190e+02 eta=8.2211e-04 decrease=4.5396e-02
[FGD-STEP] Epoch 12: loss_before=2.152395e+01, loss_after=2.147690e+01, rel_err_before=0.7352, |r|=9.2788e+00, |g|=7.8420e+00, |u|=1.7244e+01, eta=0.0008221, accepted=True
[REALIZE] eta=9.5224e-03 realised=94.5% residual=21.7% iters=5
[DAMPING] rho=9.95e-17 lambda=1.021e-11 eps=0.4813 |u|=2.610e+04 eta=9.5224e-03 decrease=5.3146e-01
[FGD-STEP] Epoch 12: loss_before=2.147690e+01, loss_after=2.097379e+01, rel_err_before=0.7647, |r|=9.2686e+00, |g|=7.4366e+00, |u|=1.0015e+01, eta=0.009522, accepted=True
[REALIZE] eta=5.5282e-03 realised=94.8% residual=20.3% iters=4
[DAMPING] rho=9.00e-17 lambda=9.295e-12 eps=0.4891 |u|=3.002e+03 eta=5.5282e-03 decrease=2.9804e-01
[FGD-STEP] Epoch 12: loss_before=2.097379e+01, loss_after=2.068828e+01, rel_err_before=0.7791, |r|=9.1594e+00, |g|=7.3380e+00, |u|=1.0310e+01, eta=0.005528, accepted=True
[REALIZE] eta=2.2546e-03 realised=98.7% residual=17.3% iters=5
[DAMPING] rho=1.57e-17 lambda=1.629e-12 eps=0.4955 |u|=1.662e+03 eta=2.2546e-03 decrease=1.1894e-01
[FGD-STEP] Epoch 12: loss_before=2.068828e+01, loss_after=2.056777e+01, rel_err_before=0.7510, |r|=9.0969e+00, |g|=7.5069e+00, |u|=1.4614e+01, eta=0.002255, accepted=True
[REALIZE] eta=1.7305e-03 realised=97.6% residual=17.3% iters=4
[DAMPING] rho=1.12e-17 lambda=1.162e-12 eps=0.4966 |u|=1.442e+03 eta=1.7305e-03 decrease=9.0575e-02
[FGD-STEP] Epoch 12: loss_before=2.056777e+01, loss_after=2.047671e+01, rel_err_before=0.7613, |r|=9.0703e+00, |g|=7.3957e+00, |u|=1.3953e+01, eta=0.001731, accepted=True
[REALIZE] eta=2.3088e-03 realised=96.9% residual=17.8% iters=4
[DAMPING] rho=1.25e-17 lambda=1.299e-12 eps=0.4954 |u|=9.498e+02 eta=2.3088e-03 decrease=1.2031e-01
[FGD-STEP] Epoch 12: loss_before=2.047671e+01, loss_after=2.035686e+01, rel_err_before=0.7680, |r|=9.0502e+00, |g|=7.3780e+00, |u|=1.2917e+01, eta=0.002309, accepted=True
[REALIZE] eta=1.4575e-02 realised=92.9% residual=23.7% iters=7
[DAMPING] rho=2.21e-15 lambda=2.293e-10 eps=0.4717 |u|=1.240e+03 eta=1.4575e-02 decrease=7.6827e-01
[FGD-STEP] Epoch 12: loss_before=2.035686e+01, loss_after=1.965531e+01, rel_err_before=0.7990, |r|=9.0237e+00, |g|=7.2532e+00, |u|=9.5841e+00, eta=0.01458, accepted=True
[REALIZE] eta=7.1751e-03 realised=95.0% residual=21.4% iters=4
[DAMPING] rho=9.81e-17 lambda=1.030e-11 eps=0.4859 |u|=7.643e+02 eta=7.1751e-03 decrease=3.5816e-01
[FGD-STEP] Epoch 12: loss_before=1.965531e+01, loss_after=1.931347e+01, rel_err_before=0.7924, |r|=8.8669e+00, |g|=7.1245e+00, |u|=1.0320e+01, eta=0.007175, accepted=True
[FGD] Epoch 12, train_loss=0.0147, validation_loss=0.0189, test_loss=0.0207 (-0.0023), train_acc=0.630, validation_acc=0.597, test_acc=0.603, lr=0.007175, rel_err=0.792
[FGD-WARN] Epoch 12: relative-error condition failed; learning-rate interval invalid; validation certificate rejected 1 batch(es); maximum validation-certified learning rate accepted after transactional search
[BOTTLENECK] Epoch 12 widths=[7, 9, 7] L0=1.3295e-04 L1=2.3684e-03 L2=1.0654e-04
[GRO] Unified growth at epoch 12 [where=expressivity_bottleneck]: width at index 1 (+15 params, eps 0.792 -> not scored); 6 candidates considered
[GRO] Epoch 12, train_loss=0.0147, validation_loss=0.0189, test_loss=0.0207 (+0.0000), train_acc=0.630, validation_acc=0.597, test_acc=0.603, scaling=1
Model after growing:
LinearGrowingModule(LinearGrowingModule(Layer 0))(in_features=4, out_features=7, use_bias=True)
LinearGrowingModule(LinearGrowingModule(Layer 1))(in_features=7, out_features=10, use_bias=True)
LinearGrowingModule(LinearGrowingModule(Layer 2))(in_features=10, out_features=7, use_bias=True)
LinearGrowingModule(LinearGrowingModule(Layer 3))(in_features=7, out_features=1, use_bias=True)
[REALIZE] eta=8.5713e-03 realised=94.9% residual=22.8% iters=4
[DAMPING] rho=2.96e-16 lambda=3.129e-11 eps=0.4831 |u|=5.969e+02 eta=8.5713e-03 decrease=4.1959e-01
[FGD-STEP] Epoch 13: loss_before=1.931347e+01, loss_after=1.892040e+01, rel_err_before=0.8244, |r|=8.7894e+00, |g|=6.9240e+00, |u|=1.0032e+01, eta=0.008571, accepted=True
[REALIZE] eta=1.2156e-02 realised=93.6% residual=25.1% iters=4
[DAMPING] rho=2.45e-16 lambda=2.600e-11 eps=0.4763 |u|=1.834e+03 eta=1.2156e-02 decrease=5.8300e-01
[FGD-STEP] Epoch 13: loss_before=1.892040e+01, loss_after=1.838800e+01, rel_err_before=0.8427, |r|=8.6995e+00, |g|=6.7695e+00, |u|=9.2522e+00, eta=0.01216, accepted=True
[REALIZE] eta=8.4379e-03 realised=94.5% residual=24.2% iters=3
[DAMPING] rho=9.22e-17 lambda=9.852e-12 eps=0.4834 |u|=8.784e+02 eta=8.4379e-03 decrease=3.8813e-01
[FGD-STEP] Epoch 13: loss_before=1.838800e+01, loss_after=1.803961e+01, rel_err_before=0.8695, |r|=8.5762e+00, |g|=6.6475e+00, |u|=8.9955e+00, eta=0.008438, accepted=True
[REALIZE] eta=9.3666e-03 realised=98.3% residual=29.3% iters=4
[DAMPING] rho=3.28e-16 lambda=3.522e-11 eps=0.4816 |u|=5.345e+02 eta=9.3666e-03 decrease=4.2072e-01
[FGD-STEP] Epoch 13: loss_before=1.803961e+01, loss_after=1.764859e+01, rel_err_before=0.8647, |r|=8.4946e+00, |g|=6.6524e+00, |u|=1.0626e+01, eta=0.009367, accepted=True
[REALIZE] eta=6.3997e-03 realised=95.4% residual=24.4% iters=3
[DAMPING] rho=3.14e-16 lambda=3.380e-11 eps=0.4874 |u|=4.222e+02 eta=6.3997e-03 decrease=2.7805e-01
[FGD-STEP] Epoch 13: loss_before=1.764859e+01, loss_after=1.739662e+01, rel_err_before=0.8715, |r|=8.4020e+00, |g|=6.4781e+00, |u|=9.4910e+00, eta=0.0064, accepted=True
[REALIZE] eta=1.0196e-03 realised=97.9% residual=17.9% iters=6
[DAMPING] rho=3.44e-16 lambda=3.730e-11 eps=0.4980 |u|=3.791e+02 eta=1.0196e-03 decrease=4.3094e-02
[FGD-STEP] Epoch 13: loss_before=1.739662e+01, loss_after=1.735525e+01, rel_err_before=0.8587, |r|=8.3418e+00, |g|=6.6748e+00, |u|=1.8208e+01, eta=0.00102, accepted=True
[REALIZE] eta=1.8339e-03 realised=96.8% residual=20.0% iters=4
[DAMPING] rho=1.10e-16 lambda=1.195e-11 eps=0.4963 |u|=3.888e+02 eta=1.8339e-03 decrease=7.7366e-02
[FGD-STEP] Epoch 13: loss_before=1.735525e+01, loss_after=1.728272e+01, rel_err_before=0.8719, |r|=8.3319e+00, |g|=6.4877e+00, |u|=1.3750e+01, eta=0.001834, accepted=True
[REALIZE] eta=1.1250e-03 realised=98.3% residual=18.3% iters=5
[DAMPING] rho=1.96e-16 lambda=2.126e-11 eps=0.4978 |u|=2.998e+02 eta=1.1250e-03 decrease=4.7142e-02
[FGD-STEP] Epoch 13: loss_before=1.728272e+01, loss_after=1.723762e+01, rel_err_before=0.8626, |r|=8.3145e+00, |g|=6.6251e+00, |u|=1.7167e+01, eta=0.001125, accepted=True
[FGD] Epoch 13, train_loss=0.0127, validation_loss=0.0168, test_loss=0.0185 (-0.0022), train_acc=0.673, validation_acc=0.627, test_acc=0.635, lr=0.001125, rel_err=0.863
[FGD-WARN] Epoch 13: relative-error condition failed; learning-rate interval invalid; validation certificate rejected 1 batch(es); maximum validation-certified learning rate accepted after transactional search
[BOTTLENECK] Epoch 13 widths=[7, 10, 7] L0=9.9133e-05 L1=1.2194e-03 L2=1.1672e-03
[GRO] Unified growth at epoch 13 [where=expressivity_bottleneck]: width at index 1 (+15 params, eps 0.863 -> not scored); 6 candidates considered
[GRO] Epoch 13, train_loss=0.0127, validation_loss=0.0168, test_loss=0.0185 (+0.0000), train_acc=0.673, validation_acc=0.627, test_acc=0.635, scaling=1
Model after growing:
LinearGrowingModule(LinearGrowingModule(Layer 0))(in_features=4, out_features=7, use_bias=True)
LinearGrowingModule(LinearGrowingModule(Layer 1))(in_features=7, out_features=11, use_bias=True)
LinearGrowingModule(LinearGrowingModule(Layer 2))(in_features=11, out_features=7, use_bias=True)
LinearGrowingModule(LinearGrowingModule(Layer 3))(in_features=7, out_features=1, use_bias=True)
[REALIZE] eta=5.5929e-03 realised=96.4% residual=22.9% iters=7
[DAMPING] rho=1.62e-16 lambda=1.762e-11 eps=0.4889 |u|=3.922e+02 eta=5.5929e-03 decrease=2.3519e-01
[FGD-STEP] Epoch 14: loss_before=1.723762e+01, loss_after=1.702281e+01, rel_err_before=0.8833, |r|=8.3036e+00, |g|=6.3663e+00, |u|=1.2167e+01, eta=0.005593, accepted=True
[REALIZE] eta=1.0649e-02 realised=93.2% residual=28.2% iters=4
[DAMPING] rho=2.49e-16 lambda=2.714e-11 eps=0.4791 |u|=9.124e+02 eta=1.0649e-02 decrease=4.4367e-01
[FGD-STEP] Epoch 14: loss_before=1.702281e+01, loss_after=1.663308e+01, rel_err_before=0.9195, |r|=8.2517e+00, |g|=6.1455e+00, |u|=9.1006e+00, eta=0.01065, accepted=True
[FAMILY] eta_f=1 certified (cos 0.8771, eps 0.4804)
[CERTIFY] parametric family certified at fixed structure (no growth); eps -> 0.5034
[CERTIFY] family ladder took 1 step(s) in 0 growths
[CERTIFY] Epoch 14: growth target eps < 0.5 NOT reached (stopped at 0.5034 after 0 growths, reason: family_stepped); step certificate eps < 0.5 FAILS, so no rate is admissible
[FGD] Epoch 14, train_loss=0.0121, validation_loss=0.0171, test_loss=0.0178 (-0.0007), train_acc=0.684, validation_acc=0.627, test_acc=0.645, lr=0.01065
[FGD-WARN] Epoch 14: learning-rate interval invalid; validation certificate rejected 1 batch(es); sensor invalid on 1 validation batch(es); maximum validation-certified learning rate accepted after transactional search
[FAMILY] eta_f=1 certified (cos 0.9007, eps 0.4345)
[CERTIFY] parametric family certified at fixed structure (no growth); eps -> 0.4428
[CERTIFY] family ladder took 1 step(s) in 0 growths
[REALIZE] eta=3.0306e-02 realised=93.6% residual=24.3% iters=5
[DAMPING] rho=1.59e-13 lambda=1.639e-08 eps=0.4429 |u|=2.402e+02 eta=3.0306e-02 decrease=1.3877e+00
[FGD-STEP] Epoch 15: loss_before=1.663308e+01, loss_after=1.623548e+01, rel_err_before=0.8233, |r|=8.3431e+00, |g|=6.5052e+00, |u|=8.8822e+00, eta=0.03031, accepted=True
[REALIZE] eta=1.9337e-02 realised=94.2% residual=20.6% iters=6
[DAMPING] rho=5.18e-14 lambda=5.477e-09 eps=0.4628 |u|=4.694e+02 eta=1.9337e-02 decrease=7.9419e-01
[FGD-STEP] Epoch 15: loss_before=1.623548e+01, loss_after=1.553715e+01, rel_err_before=0.8570, |r|=8.0587e+00, |g|=6.1454e+00, |u|=8.6872e+00, eta=0.01934, accepted=True
[REALIZE] eta=1.1112e-02 realised=94.9% residual=21.0% iters=3
[DAMPING] rho=9.47e-15 lambda=1.018e-09 eps=0.4783 |u|=2.881e+02 eta=1.1112e-02 decrease=4.2495e-01
[FGD-STEP] Epoch 15: loss_before=1.553715e+01, loss_after=1.516017e+01, rel_err_before=0.8765, |r|=7.8834e+00, |g|=5.8943e+00, |u|=8.4579e+00, eta=0.01111, accepted=True
[REALIZE] eta=1.9757e-02 realised=95.4% residual=26.7% iters=6
[DAMPING] rho=2.22e-14 lambda=2.415e-09 eps=0.4620 |u|=2.186e+02 eta=1.9757e-02 decrease=7.3969e-01
[FGD-STEP] Epoch 15: loss_before=1.516017e+01, loss_after=1.450298e+01, rel_err_before=0.8815, |r|=7.7872e+00, |g|=5.8291e+00, |u|=8.7159e+00, eta=0.01976, accepted=True
[REALIZE] eta=1.7183e-02 realised=90.9% residual=26.9% iters=7
[DAMPING] rho=1.44e-14 lambda=1.608e-09 eps=0.4668 |u|=2.982e+02 eta=1.7183e-02 decrease=6.0359e-01
[FGD-STEP] Epoch 15: loss_before=1.450298e+01, loss_after=1.397977e+01, rel_err_before=0.8914, |r|=7.6166e+00, |g|=5.6391e+00, |u|=1.0822e+01, eta=0.01718, accepted=True
[FAMILY] eta_f=1 certified (cos 0.8809, eps 0.4733)
[CERTIFY] parametric family certified at fixed structure (no growth); eps -> 0.4968
[CERTIFY] family ladder took 1 step(s) in 0 growths
[REALIZE] eta=1.6203e-03 realised=98.6% residual=12.1% iters=9
[DAMPING] rho=6.77e-15 lambda=9.576e-10 eps=0.4968 |u|=6.370e+01 eta=1.6203e-03 decrease=5.6636e-02
[FGD-STEP] Epoch 15: loss_before=1.397977e+01, loss_after=1.458356e+01, rel_err_before=0.8881, |r|=7.6518e+00, |g|=5.9131e+00, |u|=2.3995e+01, eta=0.00162, accepted=True
[REALIZE] eta=1.0031e-03 realised=98.5% residual=12.6% iters=9
[DAMPING] rho=2.48e-15 lambda=3.501e-10 eps=0.4980 |u|=6.193e+01 eta=1.0031e-03 decrease=3.4848e-02
[FGD-STEP] Epoch 15: loss_before=1.458356e+01, loss_after=1.455082e+01, rel_err_before=0.9016, |r|=7.6377e+00, |g|=5.8724e+00, |u|=2.3837e+01, eta=0.001003, accepted=True
[REALIZE] eta=5.1209e-03 realised=96.0% residual=20.2% iters=3
[DAMPING] rho=1.45e-14 lambda=2.052e-09 eps=0.4899 |u|=6.163e+01 eta=5.1209e-03 decrease=1.7850e-01
[FGD-STEP] Epoch 15: loss_before=1.455082e+01, loss_after=1.439202e+01, rel_err_before=0.9241, |r|=7.6291e+00, |g|=5.6914e+00, |u|=1.3221e+01, eta=0.005121, accepted=True
[FGD] Epoch 15, train_loss=0.0104, validation_loss=0.0141, test_loss=0.0151 (-0.0027), train_acc=0.719, validation_acc=0.702, test_acc=0.692, lr=0.005121, rel_err=0.924
[FGD-WARN] Epoch 15: relative-error condition failed; learning-rate interval invalid; validation certificate rejected 1 batch(es); maximum validation-certified learning rate accepted after transactional search
[BOTTLENECK] Epoch 15 widths=[7, 11, 7] L0=1.2993e-04 L1=5.6109e-04 L2=5.3313e-04
[GRO] Unified growth at epoch 15 [where=expressivity_bottleneck]: width at index 1 (+15 params, eps 0.924 -> not scored); 6 candidates considered
[GRO] Epoch 15, train_loss=0.0104, validation_loss=0.0141, test_loss=0.0151 (+0.0000), train_acc=0.719, validation_acc=0.702, test_acc=0.692, scaling=1
Model after growing:
LinearGrowingModule(LinearGrowingModule(Layer 0))(in_features=4, out_features=7, use_bias=True)
LinearGrowingModule(LinearGrowingModule(Layer 1))(in_features=7, out_features=12, use_bias=True)
LinearGrowingModule(LinearGrowingModule(Layer 2))(in_features=12, out_features=7, use_bias=True)
LinearGrowingModule(LinearGrowingModule(Layer 3))(in_features=7, out_features=1, use_bias=True)
[REALIZE] eta=6.3668e-03 realised=98.2% residual=22.4% iters=2
[DAMPING] rho=2.07e-15 lambda=2.909e-10 eps=0.4874 |u|=6.003e+01 eta=6.3668e-03 decrease=2.1892e-01
[FGD-STEP] Epoch 16: loss_before=1.439202e+01, loss_after=1.418784e+01, rel_err_before=0.9173, |r|=7.5874e+00, |g|=5.7397e+00, |u|=8.1744e+00, eta=0.006367, accepted=True
[REALIZE] eta=1.2994e-02 realised=97.7% residual=27.4% iters=6
[DAMPING] rho=2.64e-15 lambda=3.708e-10 eps=0.4747 |u|=7.318e+02 eta=1.2994e-02 decrease=4.4245e-01
[FGD-STEP] Epoch 16: loss_before=1.418784e+01, loss_after=1.380402e+01, rel_err_before=0.9578, |r|=7.5333e+00, |g|=5.5230e+00, |u|=9.2766e+00, eta=0.01299, accepted=True
[FAMILY] eta_f=1 certified (cos 0.8857, eps 0.4642)
[CERTIFY] parametric family certified at fixed structure (no growth); eps -> 0.4609
[CERTIFY] family ladder took 1 step(s) in 0 growths
[REALIZE] eta=2.0354e-02 realised=94.1% residual=24.8% iters=3
[DAMPING] rho=2.55e-14 lambda=2.884e-09 eps=0.4609 |u|=6.616e+01 eta=2.0354e-02 decrease=7.0153e-01
[FGD-STEP] Epoch 16: loss_before=1.380402e+01, loss_after=1.257625e+01, rel_err_before=0.8561, |r|=7.2563e+00, |g|=5.6135e+00, |u|=8.1241e+00, eta=0.02035, accepted=True
[REALIZE] eta=1.0034e-02 realised=95.2% residual=20.8% iters=7
[DAMPING] rho=7.19e-15 lambda=8.303e-10 eps=0.4803 |u|=7.945e+01 eta=1.0034e-02 decrease=3.2030e-01
[FGD-STEP] Epoch 16: loss_before=1.257625e+01, loss_after=1.229771e+01, rel_err_before=0.8708, |r|=7.0926e+00, |g|=5.4333e+00, |u|=9.4595e+00, eta=0.01003, accepted=True
[REALIZE] eta=2.8936e-03 realised=97.0% residual=17.9% iters=5
[DAMPING] rho=2.86e-15 lambda=3.328e-10 eps=0.4942 |u|=7.268e+01 eta=2.8936e-03 decrease=8.8606e-02
[FGD-STEP] Epoch 16: loss_before=1.229771e+01, loss_after=1.221611e+01, rel_err_before=0.8361, |r|=7.0136e+00, |g|=5.4654e+00, |u|=1.3009e+01, eta=0.002894, accepted=True
[FAMILY] eta_f=1 certified (cos 0.8844, eps 0.4667)
[CERTIFY] parametric family certified at fixed structure (no growth); eps -> 0.4794
[CERTIFY] family ladder took 1 step(s) in 0 growths
[REALIZE] eta=1.0527e-02 realised=96.7% residual=23.1% iters=3
[DAMPING] rho=6.35e-15 lambda=8.586e-10 eps=0.4794 |u|=4.833e+01 eta=1.0527e-02 decrease=3.5023e-01
[FGD-STEP] Epoch 16: loss_before=1.221611e+01, loss_after=1.406688e+01, rel_err_before=0.9391, |r|=7.5876e+00, |g|=5.5080e+00, |u|=9.3887e+00, eta=0.01053, accepted=True
[REALIZE] eta=5.3106e-03 realised=97.8% residual=16.6% iters=8
[DAMPING] rho=1.24e-14 lambda=1.672e-09 eps=0.4895 |u|=5.093e+01 eta=5.3106e-03 decrease=1.6970e-01
[FGD-STEP] Epoch 16: loss_before=1.406688e+01, loss_after=1.390389e+01, rel_err_before=0.9530, |r|=7.5012e+00, |g|=5.4046e+00, |u|=1.6838e+01, eta=0.005311, accepted=True
[FAMILY] eta_f=1 certified (cos 0.8960, eps 0.4440)
[CERTIFY] parametric family certified at fixed structure (no growth); eps -> 0.4334
[CERTIFY] family ladder took 1 step(s) in 0 growths
[REALIZE] eta=3.5685e-02 realised=92.1% residual=26.9% iters=4
[DAMPING] rho=8.73e-14 lambda=9.981e-09 eps=0.4334 |u|=5.775e+01 eta=3.5685e-02 decrease=1.2249e+00
[FGD-STEP] Epoch 16: loss_before=1.390389e+01, loss_after=1.203931e+01, rel_err_before=0.8504, |r|=7.2278e+00, |g|=5.5799e+00, |u|=8.2407e+00, eta=0.03569, accepted=True
[FGD] Epoch 16, train_loss=0.0089, validation_loss=0.0118, test_loss=0.0139 (-0.0012), train_acc=0.747, validation_acc=0.700, test_acc=0.699, lr=0.03569, rel_err=0.850
[FGD-WARN] Epoch 16: relative-error condition failed; learning-rate interval invalid; validation certificate rejected 1 batch(es); maximum validation-certified learning rate accepted after transactional search
[BOTTLENECK] Epoch 16 widths=[7, 12, 7] L0=4.9362e-04 L1=1.1210e-04 L2=2.3183e-03
[GRO] Unified growth at epoch 16 [where=expressivity_bottleneck]: width at index 2 (+14 params, eps 0.850 -> not scored); 6 candidates considered
[GRO] Epoch 16, train_loss=0.0089, validation_loss=0.0118, test_loss=0.0139 (+0.0000), train_acc=0.747, validation_acc=0.700, test_acc=0.699, scaling=1
Model after growing:
LinearGrowingModule(LinearGrowingModule(Layer 0))(in_features=4, out_features=7, use_bias=True)
LinearGrowingModule(LinearGrowingModule(Layer 1))(in_features=7, out_features=12, use_bias=True)
LinearGrowingModule(LinearGrowingModule(Layer 2))(in_features=12, out_features=8, use_bias=True)
LinearGrowingModule(LinearGrowingModule(Layer 3))(in_features=8, out_features=1, use_bias=True)
[REALIZE] eta=2.3626e-02 realised=92.6% residual=25.4% iters=6
[DAMPING] rho=2.27e-14 lambda=2.634e-09 eps=0.4549 |u|=5.177e+01 eta=2.3626e-02 decrease=7.1591e-01
[FGD-STEP] Epoch 17: loss_before=1.203931e+01, loss_after=1.142417e+01, rel_err_before=0.8760, |r|=6.9395e+00, |g|=5.2781e+00, |u|=7.9971e+00, eta=0.02363, accepted=True
[REALIZE] eta=2.4636e-02 realised=96.0% residual=35.6% iters=2
[DAMPING] rho=1.61e-14 lambda=1.893e-09 eps=0.4530 |u|=4.895e+02 eta=2.4636e-02 decrease=6.9617e-01
[FGD-STEP] Epoch 17: loss_before=1.142417e+01, loss_after=1.079242e+01, rel_err_before=0.8635, |r|=6.7599e+00, |g|=5.1509e+00, |u|=8.2031e+00, eta=0.02464, accepted=True
[REALIZE] eta=2.0238e-02 realised=92.7% residual=28.6% iters=2
[DAMPING] rho=7.13e-15 lambda=8.470e-10 eps=0.4611 |u|=1.485e+02 eta=2.0238e-02 decrease=5.2791e-01
[FGD-STEP] Epoch 17: loss_before=1.079242e+01, loss_after=1.034377e+01, rel_err_before=0.9375, |r|=6.5704e+00, |g|=4.8344e+00, |u|=7.8479e+00, eta=0.02024, accepted=True
[REALIZE] eta=1.5115e-02 realised=93.9% residual=29.8% iters=2
[DAMPING] rho=3.99e-15 lambda=4.792e-10 eps=0.4707 |u|=9.721e+01 eta=1.5115e-02 decrease=3.6857e-01
[FGD-STEP] Epoch 17: loss_before=1.034377e+01, loss_after=1.002215e+01, rel_err_before=0.9610, |r|=6.4323e+00, |g|=4.7358e+00, |u|=7.6823e+00, eta=0.01512, accepted=True
[REALIZE] eta=5.0398e-03 realised=96.1% residual=22.1% iters=6
[DAMPING] rho=6.33e-16 lambda=7.677e-11 eps=0.4900 |u|=8.692e+01 eta=5.0398e-03 decrease=1.1576e-01
[FGD-STEP] Epoch 17: loss_before=1.002215e+01, loss_after=9.916986e+00, rel_err_before=0.9566, |r|=6.3316e+00, |g|=4.7656e+00, |u|=1.2930e+01, eta=0.00504, accepted=True
[REALIZE] eta=7.7761e-04 realised=97.8% residual=14.0% iters=11
[DAMPING] rho=2.50e-15 lambda=3.043e-10 eps=0.4984 |u|=8.444e+01 eta=7.7761e-04 decrease=1.7473e-02
[FGD-STEP] Epoch 17: loss_before=9.916986e+00, loss_after=9.900512e+00, rel_err_before=0.9359, |r|=6.2982e+00, |g|=4.9458e+00, |u|=2.5072e+01, eta=0.0007776, accepted=True
[REALIZE] eta=3.1067e-04 realised=97.7% residual=15.2% iters=10
[DAMPING] rho=3.16e-15 lambda=3.860e-10 eps=0.4994 |u|=8.403e+01 eta=3.1067e-04 decrease=6.9585e-03
[FGD-STEP] Epoch 17: loss_before=9.900512e+00, loss_after=9.893947e+00, rel_err_before=0.9398, |r|=6.2930e+00, |g|=4.9027e+00, |u|=2.4125e+01, eta=0.0003107, accepted=True
[REALIZE] eta=1.0238e-03 realised=97.3% residual=17.6% iters=8
[DAMPING] rho=1.10e-15 lambda=1.342e-10 eps=0.4980 |u|=8.177e+01 eta=1.0238e-03 decrease=2.2935e-02
[FGD-STEP] Epoch 17: loss_before=9.893947e+00, loss_after=9.871915e+00, rel_err_before=0.9176, |r|=6.2909e+00, |g|=4.9424e+00, |u|=2.0954e+01, eta=0.001024, accepted=True
[FGD] Epoch 17, train_loss=0.0068, validation_loss=0.0096, test_loss=0.0114 (-0.0025), train_acc=0.804, validation_acc=0.771, test_acc=0.756, lr=0.001024, rel_err=0.918
[FGD-WARN] Epoch 17: relative-error condition failed; learning-rate interval invalid; validation certificate rejected 1 batch(es); maximum validation-certified learning rate accepted after transactional search
[BOTTLENECK] Epoch 17 widths=[7, 12, 8] L0=2.9363e-04 L1=8.8355e-05 L2=3.0149e-04
[GRO] Unified growth at epoch 17 [where=expressivity_bottleneck]: width at index 2 (+14 params, eps 0.918 -> not scored); 6 candidates considered
[GRO] Epoch 17, train_loss=0.0068, validation_loss=0.0096, test_loss=0.0114 (+0.0000), train_acc=0.804, validation_acc=0.771, test_acc=0.756, scaling=1
Model after growing:
LinearGrowingModule(LinearGrowingModule(Layer 0))(in_features=4, out_features=7, use_bias=True)
LinearGrowingModule(LinearGrowingModule(Layer 1))(in_features=7, out_features=12, use_bias=True)
LinearGrowingModule(LinearGrowingModule(Layer 2))(in_features=12, out_features=9, use_bias=True)
LinearGrowingModule(LinearGrowingModule(Layer 3))(in_features=9, out_features=1, use_bias=True)
[REALIZE] eta=1.7876e-03 realised=97.2% residual=17.1% iters=8
[DAMPING] rho=2.53e-15 lambda=3.098e-10 eps=0.4964 |u|=7.299e+01 eta=1.7876e-03 decrease=3.9970e-02
[FGD-STEP] Epoch 18: loss_before=9.871915e+00, loss_after=9.832554e+00, rel_err_before=0.8981, |r|=6.2839e+00, |g|=4.9866e+00, |u|=2.0029e+01, eta=0.001788, accepted=True
[REALIZE] eta=6.3091e-03 realised=94.0% residual=25.8% iters=7
[DAMPING] rho=2.02e-16 lambda=2.482e-11 eps=0.4875 |u|=6.910e+03 eta=6.3091e-03 decrease=1.4128e-01
[FGD-STEP] Epoch 18: loss_before=9.832554e+00, loss_after=9.703775e+00, rel_err_before=0.9457, |r|=6.2714e+00, |g|=4.6969e+00, |u|=1.0214e+01, eta=0.006309, accepted=True
[REALIZE] eta=7.0733e-03 realised=92.9% residual=28.3% iters=3
[DAMPING] rho=6.39e-16 lambda=7.885e-11 eps=0.4861 |u|=3.478e+03 eta=7.0733e-03 decrease=1.5566e-01
[FGD-STEP] Epoch 18: loss_before=9.703775e+00, loss_after=9.566573e+00, rel_err_before=0.9882, |r|=6.2302e+00, |g|=4.5841e+00, |u|=8.7045e+00, eta=0.007073, accepted=True
[REALIZE] eta=1.1351e-03 realised=97.9% residual=16.2% iters=9
[DAMPING] rho=3.17e-18 lambda=3.932e-13 eps=0.4977 |u|=3.416e+03 eta=1.1351e-03 decrease=2.4250e-02
[FGD-STEP] Epoch 18: loss_before=9.566573e+00, loss_after=9.542785e+00, rel_err_before=0.9132, |r|=6.1860e+00, |g|=4.8298e+00, |u|=2.1602e+01, eta=0.001135, accepted=True
[FAMILY] eta_f=1 did not certify (cos 0.8631, eps 0.5050)
[FAMILY] eta_f=2 certified (cos 0.8686, eps 0.4956)
[CERTIFY] parametric family certified at fixed structure (no growth); eps -> 0.2494
[CERTIFY] family ladder took 1 step(s) in 0 growths
[REALIZE] eta=1.6703e-01 realised=82.3% residual=45.0% iters=3
[DAMPING] rho=2.27e-10 lambda=3.921e-05 eps=0.2496 |u|=4.376e+01 eta=1.6703e-01 decrease=2.8457e+01
[FGD-STEP] Epoch 18: loss_before=9.542785e+00, loss_after=3.217010e+01, rel_err_before=1.3543, |r|=1.4226e+01, |g|=6.4983e+00, |u|=6.1974e+00, eta=0.167, accepted=True
[REALIZE] eta=1.1043e-01 realised=69.2% residual=49.6% iters=2
[DAMPING] rho=1.92e-11 lambda=2.790e-06 eps=0.3191 |u|=5.136e+01 eta=1.1043e-01 decrease=1.1010e+01
[FGD-STEP] Epoch 18: loss_before=3.217010e+01, loss_after=2.571706e+01, rel_err_before=1.5020, |r|=1.1344e+01, |g|=5.0020e+00, |u|=6.0650e+00, eta=0.1104, accepted=True
[REALIZE] eta=8.6506e-02 realised=106.6% residual=38.0% iters=7
[DAMPING] rho=2.95e-12 lambda=4.191e-07 eps=0.3525 |u|=5.672e+01 eta=8.6506e-02 decrease=6.5391e+00
[FGD-STEP] Epoch 18: loss_before=2.571706e+01, loss_after=1.954211e+01, rel_err_before=0.6346, |r|=1.0142e+01, |g|=8.4253e+00, |u|=9.6753e+00, eta=0.08651, accepted=True
[REALIZE] eta=5.5620e-02 realised=100.8% residual=30.4% iters=6
[DAMPING] rho=2.59e-13 lambda=3.659e-08 eps=0.3999 |u|=6.365e+01 eta=5.5620e-02 decrease=2.9402e+00
[FGD-STEP] Epoch 18: loss_before=1.954211e+01, loss_after=1.678425e+01, rel_err_before=0.7735, |r|=8.8413e+00, |g|=7.1274e+00, |u|=9.4431e+00, eta=0.05562, accepted=True
[FGD] Epoch 18, train_loss=0.0124, validation_loss=0.0164, test_loss=0.0160 (+0.0047), train_acc=0.643, validation_acc=0.634, test_acc=0.637, lr=0.05562, rel_err=0.773
[FGD-WARN] Epoch 18: relative-error condition failed; learning-rate interval invalid; validation certificate rejected 1 batch(es); maximum validation-certified learning rate accepted after transactional search
[BOTTLENECK] Epoch 18 widths=[7, 12, 9] L0=2.2747e-04 L1=5.7979e-05 L2=1.0346e-03
[GRO] Unified growth at epoch 18 [where=expressivity_bottleneck]: width at index 2 (+14 params, eps 0.773 -> not scored); 6 candidates considered
[GRO] Epoch 18, train_loss=0.0124, validation_loss=0.0164, test_loss=0.0160 (+0.0000), train_acc=0.643, validation_acc=0.634, test_acc=0.637, scaling=1
Model after growing:
LinearGrowingModule(LinearGrowingModule(Layer 0))(in_features=4, out_features=7, use_bias=True)
LinearGrowingModule(LinearGrowingModule(Layer 1))(in_features=7, out_features=12, use_bias=True)
LinearGrowingModule(LinearGrowingModule(Layer 2))(in_features=12, out_features=10, use_bias=True)
LinearGrowingModule(LinearGrowingModule(Layer 3))(in_features=10, out_features=1, use_bias=True)
[REALIZE] eta=4.2370e-02 realised=99.4% residual=31.3% iters=5
[DAMPING] rho=7.63e-14 lambda=1.105e-08 eps=0.4219 |u|=6.956e+01 eta=4.2370e-02 decrease=1.8202e+00
[FGD-STEP] Epoch 19: loss_before=1.678425e+01, loss_after=1.502174e+01, rel_err_before=0.8170, |r|=8.1937e+00, |g|=6.4092e+00, |u|=8.7692e+00, eta=0.04237, accepted=True
[REALIZE] eta=4.7819e-02 realised=100.9% residual=34.2% iters=7
[DAMPING] rho=3.97e-14 lambda=5.918e-09 eps=0.4127 |u|=1.971e+03 eta=4.7819e-02 decrease=1.7955e+00
[FGD-STEP] Epoch 19: loss_before=1.502174e+01, loss_after=1.332045e+01, rel_err_before=0.8778, |r|=7.7516e+00, |g|=5.8346e+00, |u|=8.6186e+00, eta=0.04782, accepted=True
[REALIZE] eta=3.7856e-02 realised=100.3% residual=35.2% iters=7
[DAMPING] rho=2.18e-14 lambda=3.344e-09 eps=0.4296 |u|=1.055e+03 eta=3.7856e-02 decrease=1.1979e+00
[FGD-STEP] Epoch 19: loss_before=1.332045e+01, loss_after=1.219523e+01, rel_err_before=0.9486, |r|=7.2994e+00, |g|=5.6287e+00, |u|=8.5358e+00, eta=0.03786, accepted=True
[REALIZE] eta=2.7293e-02 realised=107.6% residual=62.9% iters=3
[DAMPING] rho=9.56e-15 lambda=1.514e-09 eps=0.4482 |u|=1.525e+02 eta=2.7293e-02 decrease=7.5419e-01
[FGD-STEP] Epoch 19: loss_before=1.219523e+01, loss_after=1.155930e+01, rel_err_before=1.0266, |r|=6.9843e+00, |g|=5.0304e+00, |u|=8.8938e+00, eta=0.02729, accepted=True
[REALIZE] eta=1.4009e-02 realised=96.1% residual=28.8% iters=6
[DAMPING] rho=8.92e-16 lambda=1.420e-10 eps=0.4727 |u|=3.323e+02 eta=1.4009e-02 decrease=3.5052e-01
[FGD-STEP] Epoch 19: loss_before=1.155930e+01, loss_after=1.121411e+01, rel_err_before=0.9508, |r|=6.7998e+00, |g|=4.9815e+00, |u|=1.0307e+01, eta=0.01401, accepted=True
[REALIZE] eta=1.5598e-02 realised=94.3% residual=38.5% iters=7
[DAMPING] rho=1.65e-15 lambda=2.691e-10 eps=0.4697 |u|=1.761e+02 eta=1.5598e-02 decrease=3.7486e-01
[FGD-STEP] Epoch 19: loss_before=1.121411e+01, loss_after=1.087671e+01, rel_err_before=1.0366, |r|=6.6975e+00, |g|=4.7707e+00, |u|=8.6506e+00, eta=0.0156, accepted=True
[REALIZE] eta=1.1832e-02 realised=93.1% residual=32.1% iters=8
[DAMPING] rho=6.27e-16 lambda=1.044e-10 eps=0.4769 |u|=2.068e+02 eta=1.1832e-02 decrease=2.7041e-01
[FGD-STEP] Epoch 19: loss_before=1.087671e+01, loss_after=1.062257e+01, rel_err_before=1.0091, |r|=6.5960e+00, |g|=4.7291e+00, |u|=1.0215e+01, eta=0.01183, accepted=True
[REALIZE] eta=9.4908e-03 realised=93.0% residual=28.1% iters=5
[DAMPING] rho=1.11e-15 lambda=1.857e-10 eps=0.4814 |u|=1.155e+02 eta=9.4908e-03 decrease=2.0886e-01
[FGD-STEP] Epoch 19: loss_before=1.062257e+01, loss_after=1.042368e+01, rel_err_before=1.0008, |r|=6.5185e+00, |g|=4.7117e+00, |u|=9.0475e+00, eta=0.009491, accepted=True
[FGD] Epoch 19, train_loss=0.0064, validation_loss=0.0102, test_loss=0.0097 (-0.0063), train_acc=0.809, validation_acc=0.785, test_acc=0.781, lr=0.009491, rel_err=1.001
[FGD-WARN] Epoch 19: relative-error condition failed; learning-rate interval invalid; validation certificate rejected 1 batch(es); maximum validation-certified learning rate accepted after transactional search
[BOTTLENECK] Epoch 19 widths=[7, 12, 10] L0=2.5670e-04 L1=4.2333e-05 L2=9.6815e-05
[GRO] Unified growth at epoch 19 [where=expressivity_bottleneck]: width at index 0 (+17 params, eps 1.001 -> not scored); 6 candidates considered
[GRO] Epoch 19, train_loss=0.0064, validation_loss=0.0102, test_loss=0.0097 (+0.0000), train_acc=0.809, validation_acc=0.785, test_acc=0.781, scaling=1
Model after growing:
LinearGrowingModule(LinearGrowingModule(Layer 0))(in_features=4, out_features=8, use_bias=True)
LinearGrowingModule(LinearGrowingModule(Layer 1))(in_features=8, out_features=12, use_bias=True)
LinearGrowingModule(LinearGrowingModule(Layer 2))(in_features=12, out_features=10, use_bias=True)
LinearGrowingModule(LinearGrowingModule(Layer 3))(in_features=10, out_features=1, use_bias=True)
[REALIZE] eta=1.4187e-02 realised=92.7% residual=29.4% iters=5
[DAMPING] rho=1.31e-15 lambda=2.222e-10 eps=0.4724 |u|=1.094e+02 eta=1.4187e-02 decrease=3.0580e-01
[FGD-STEP] Epoch 20: loss_before=1.042368e+01, loss_after=1.013236e+01, rel_err_before=1.0061, |r|=6.4571e+00, |g|=4.5649e+00, |u|=8.1217e+00, eta=0.01419, accepted=True
[REALIZE] eta=1.1616e-02 realised=95.7% residual=29.5% iters=4
[DAMPING] rho=1.15e-15 lambda=1.980e-10 eps=0.4773 |u|=1.652e+02 eta=1.1616e-02 decrease=2.3930e-01
[FGD-STEP] Epoch 20: loss_before=1.013236e+01, loss_after=9.899127e+00, rel_err_before=1.0332, |r|=6.3663e+00, |g|=4.5293e+00, |u|=9.1307e+00, eta=0.01162, accepted=True
[REALIZE] eta=3.6309e-03 realised=96.2% residual=29.1% iters=2
[DAMPING] rho=5.54e-16 lambda=9.702e-11 eps=0.4928 |u|=9.534e+01 eta=3.6309e-03 decrease=7.1367e-02
[FGD-STEP] Epoch 20: loss_before=9.899127e+00, loss_after=9.826624e+00, rel_err_before=0.9958, |r|=6.2926e+00, |g|=4.5950e+00, |u|=1.0037e+01, eta=0.003631, accepted=True
[REALIZE] eta=1.6515e-03 realised=97.2% residual=16.6% iters=11
[DAMPING] rho=6.87e-16 lambda=1.208e-10 eps=0.4967 |u|=9.811e+01 eta=1.6515e-03 decrease=3.2015e-02
[FGD-STEP] Epoch 20: loss_before=9.826624e+00, loss_after=9.797683e+00, rel_err_before=1.0747, |r|=6.2695e+00, |g|=4.9260e+00, |u|=2.1189e+01, eta=0.001652, accepted=True
[FAMILY] eta_f=1 certified (cos 0.8738, eps 0.4863)
[CERTIFY] parametric family certified at fixed structure (no growth); eps -> 0.4137
[CERTIFY] family ladder took 1 step(s) in 0 growths
[REALIZE] eta=4.7224e-02 realised=60.0% residual=48.9% iters=7
[DAMPING] rho=4.84e-14 lambda=7.058e-09 eps=0.4137 |u|=8.309e+01 eta=4.7224e-02 decrease=1.0318e+00
[FGD-STEP] Epoch 20: loss_before=9.797683e+00, loss_after=8.591052e+00, rel_err_before=1.8145, |r|=6.0327e+00, |g|=2.6090e+00, |u|=5.2803e+00, eta=0.04722, accepted=True
[REALIZE] eta=3.2967e-02 realised=93.3% residual=30.2% iters=7
[DAMPING] rho=2.23e-14 lambda=3.321e-09 eps=0.4381 |u|=7.852e+01 eta=3.2967e-02 decrease=6.4562e-01
[FGD-STEP] Epoch 20: loss_before=8.591052e+00, loss_after=8.080878e+00, rel_err_before=1.0926, |r|=5.8621e+00, |g|=4.1352e+00, |u|=7.3653e+00, eta=0.03297, accepted=True
[REALIZE] eta=3.3914e-02 realised=103.6% residual=42.5% iters=4
[DAMPING] rho=2.38e-14 lambda=3.593e-09 eps=0.4365 |u|=6.062e+01 eta=3.3914e-02 decrease=6.0144e-01
[FGD-STEP] Epoch 20: loss_before=8.080878e+00, loss_after=7.582499e+00, rel_err_before=1.1040, |r|=5.6854e+00, |g|=3.9912e+00, |u|=7.1320e+00, eta=0.03391, accepted=True
[REALIZE] eta=2.0682e-02 realised=91.8% residual=28.7% iters=7
[DAMPING] rho=7.90e-15 lambda=1.227e-09 eps=0.4603 |u|=5.538e+01 eta=2.0682e-02 decrease=3.2297e-01
[FGD-STEP] Epoch 20: loss_before=7.582499e+00, loss_after=7.335001e+00, rel_err_before=1.1976, |r|=5.5073e+00, |g|=3.7205e+00, |u|=7.0121e+00, eta=0.02068, accepted=True
[FGD] Epoch 20, train_loss=0.0043, validation_loss=0.0072, test_loss=0.0079 (-0.0018), train_acc=0.887, validation_acc=0.853, test_acc=0.836, lr=0.02068, rel_err=1.198
[FGD-WARN] Epoch 20: relative-error condition failed; learning-rate interval invalid; validation certificate rejected 1 batch(es); maximum validation-certified learning rate accepted after transactional search
[BOTTLENECK] Epoch 20 widths=[8, 12, 10] L0=3.4599e-04 L1=2.2297e-03 L2=6.6292e-04
[GRO] Unified growth at epoch 20 [where=expressivity_bottleneck]: width at index 1 (+19 params, eps 1.198 -> not scored); 6 candidates considered
[GRO] Epoch 20, train_loss=0.0043, validation_loss=0.0072, test_loss=0.0079 (+0.0000), train_acc=0.887, validation_acc=0.853, test_acc=0.836, scaling=1
Model after growing:
LinearGrowingModule(LinearGrowingModule(Layer 0))(in_features=4, out_features=8, use_bias=True)
LinearGrowingModule(LinearGrowingModule(Layer 1))(in_features=8, out_features=13, use_bias=True)
LinearGrowingModule(LinearGrowingModule(Layer 2))(in_features=13, out_features=10, use_bias=True)
LinearGrowingModule(LinearGrowingModule(Layer 3))(in_features=10, out_features=1, use_bias=True)
[REALIZE] eta=1.7852e-02 realised=91.7% residual=31.0% iters=8
[DAMPING] rho=3.22e-15 lambda=5.032e-10 eps=0.4655 |u|=6.292e+01 eta=1.7852e-02 decrease=2.6136e-01
[FGD-STEP] Epoch 21: loss_before=7.335001e+00, loss_after=7.138170e+00, rel_err_before=1.2248, |r|=5.4166e+00, |g|=3.6530e+00, |u|=6.8504e+00, eta=0.01785, accepted=True
[REALIZE] eta=6.9756e-03 realised=94.5% residual=28.6% iters=6
[DAMPING] rho=3.22e-16 lambda=5.115e-11 eps=0.4862 |u|=1.002e+03 eta=6.9756e-03 decrease=9.5452e-02
[FGD-STEP] Epoch 21: loss_before=7.138170e+00, loss_after=7.065134e+00, rel_err_before=1.2659, |r|=5.3435e+00, |g|=3.5439e+00, |u|=8.9742e+00, eta=0.006976, accepted=True
[REALIZE] eta=1.1880e-02 realised=91.4% residual=30.2% iters=9
[DAMPING] rho=6.33e-16 lambda=1.012e-10 eps=0.4768 |u|=1.127e+03 eta=1.1880e-02 decrease=1.6044e-01
[FGD-STEP] Epoch 21: loss_before=7.065134e+00, loss_after=6.945983e+00, rel_err_before=1.2834, |r|=5.3161e+00, |g|=3.4787e+00, |u|=8.4465e+00, eta=0.01188, accepted=True
[REALIZE] eta=1.0751e-02 realised=91.9% residual=31.3% iters=8
[DAMPING] rho=5.96e-16 lambda=9.677e-11 eps=0.4790 |u|=9.579e+02 eta=1.0751e-02 decrease=1.4011e-01
[FGD-STEP] Epoch 21: loss_before=6.945983e+00, loss_after=6.844963e+00, rel_err_before=1.3121, |r|=5.2710e+00, |g|=3.4914e+00, |u|=8.3313e+00, eta=0.01075, accepted=True
[REALIZE] eta=1.9737e-03 realised=96.0% residual=27.1% iters=4
[DAMPING] rho=1.41e-18 lambda=2.306e-13 eps=0.4961 |u|=9.783e+02 eta=1.9737e-03 decrease=2.4613e-02
[FGD-STEP] Epoch 21: loss_before=6.844963e+00, loss_after=6.826629e+00, rel_err_before=1.2945, |r|=5.2326e+00, |g|=3.5999e+00, |u|=1.2960e+01, eta=0.001974, accepted=True
[REALIZE] eta=5.2358e-04 realised=96.4% residual=20.1% iters=9
[DAMPING] rho=5.29e-18 lambda=8.680e-13 eps=0.4990 |u|=9.524e+02 eta=5.2358e-04 decrease=6.4764e-03
[FGD-STEP] Epoch 21: loss_before=6.826629e+00, loss_after=6.821841e+00, rel_err_before=1.2862, |r|=5.2256e+00, |g|=3.7018e+00, |u|=1.8436e+01, eta=0.0005236, accepted=True
[FAMILY] eta_f=1 did not certify (cos 0.7831, eps 0.6219)
[FAMILY] eta_f=2 did not certify (cos 0.8371, eps 0.5470)
[FAMILY] eta_f=4 did not certify (cos 0.8176, eps 0.5758)
[FAMILY] eta_f=8 did not certify (cos 0.8137, eps 0.5813)
[CERTIFY] growth 1 at location 1: eps -> 0.4949  (certified)
[REALIZE] eta=2.5545e-03 realised=93.7% residual=28.3% iters=5
[DAMPING] rho=7.06e-17 lambda=1.159e-11 eps=0.4949 |u|=5.757e+02 eta=2.5545e-03 decrease=3.1649e-02
[FGD-STEP] Epoch 21: loss_before=6.821841e+00, loss_after=6.797912e+00, rel_err_before=1.2905, |r|=5.2237e+00, |g|=3.5857e+00, |u|=1.0533e+01, eta=0.002555, accepted=True
[REALIZE] eta=4.7736e-03 realised=92.7% residual=32.1% iters=5
[DAMPING] rho=7.66e-17 lambda=1.262e-11 eps=0.4905 |u|=2.814e+03 eta=4.7736e-03 decrease=5.8912e-02
[FGD-STEP] Epoch 21: loss_before=6.797912e+00, loss_after=6.755008e+00, rel_err_before=1.3222, |r|=5.2146e+00, |g|=3.5196e+00, |u|=9.0401e+00, eta=0.004774, accepted=True
[FGD] Epoch 21, train_loss=0.0037, validation_loss=0.0066, test_loss=0.0071 (-0.0008), train_acc=0.914, validation_acc=0.874, test_acc=0.864, lr=0.004774, rel_err=1.322
[FGD-WARN] Epoch 21: relative-error condition failed; learning-rate interval invalid; validation certificate rejected 1 batch(es); maximum validation-certified learning rate accepted after transactional search
[BOTTLENECK] Epoch 21 widths=[8, 14, 10] L0=2.8280e-04 L1=2.5400e-05 L2=1.2235e-03
[GRO] Unified growth at epoch 21 [where=expressivity_bottleneck]: width at index 2 (+16 params, eps 1.322 -> not scored); 6 candidates considered
[GRO] Epoch 21, train_loss=0.0037, validation_loss=0.0066, test_loss=0.0071 (+0.0000), train_acc=0.914, validation_acc=0.874, test_acc=0.864, scaling=1
Model after growing:
LinearGrowingModule(LinearGrowingModule(Layer 0))(in_features=4, out_features=8, use_bias=True)
LinearGrowingModule(LinearGrowingModule(Layer 1))(in_features=8, out_features=14, use_bias=True)
LinearGrowingModule(LinearGrowingModule(Layer 2))(in_features=14, out_features=11, use_bias=True)
LinearGrowingModule(LinearGrowingModule(Layer 3))(in_features=11, out_features=1, use_bias=True)
[REALIZE] eta=1.3412e-02 realised=92.6% residual=37.7% iters=6
[DAMPING] rho=5.46e-16 lambda=9.037e-11 eps=0.4739 |u|=9.230e+02 eta=1.3412e-02 decrease=1.6544e-01
[FGD-STEP] Epoch 22: loss_before=6.755008e+00, loss_after=6.632031e+00, rel_err_before=1.3507, |r|=5.1981e+00, |g|=3.3086e+00, |u|=6.3883e+00, eta=0.01341, accepted=True
[REALIZE] eta=2.2694e-02 realised=87.7% residual=40.5% iters=9
[DAMPING] rho=5.07e-16 lambda=8.507e-11 eps=0.4566 |u|=1.493e+03 eta=2.2694e-02 decrease=2.7320e-01
[FGD-STEP] Epoch 22: loss_before=6.632031e+00, loss_after=6.439752e+00, rel_err_before=1.3664, |r|=5.1505e+00, |g|=3.2090e+00, |u|=6.0360e+00, eta=0.02269, accepted=True
[REALIZE] eta=1.8679e-02 realised=88.0% residual=41.0% iters=5
[DAMPING] rho=4.72e-16 lambda=8.043e-11 eps=0.4640 |u|=7.157e+02 eta=1.8679e-02 decrease=2.1045e-01
[FGD-STEP] Epoch 22: loss_before=6.439752e+00, loss_after=6.296517e+00, rel_err_before=1.4070, |r|=5.0753e+00, |g|=3.1774e+00, |u|=6.0006e+00, eta=0.01868, accepted=True
[REALIZE] eta=2.6583e-03 realised=91.2% residual=31.7% iters=5
[DAMPING] rho=7.81e-18 lambda=1.349e-12 eps=0.4947 |u|=6.860e+02 eta=2.6583e-03 decrease=2.7829e-02
[FGD-STEP] Epoch 22: loss_before=6.296517e+00, loss_after=6.277547e+00, rel_err_before=1.4168, |r|=5.0186e+00, |g|=3.2439e+00, |u|=1.0538e+01, eta=0.002658, accepted=True
[FAMILY] eta_f=1 did not certify (cos 0.7981, eps 0.6025)
[FAMILY] eta_f=2 did not certify (cos 0.8227, eps 0.5685)
[FAMILY] eta_f=4 did not certify (cos 0.8062, eps 0.5917)
[FAMILY] eta_f=8 did not certify (cos 0.8042, eps 0.5943)
[CERTIFY] growth 1 at location 1: eps -> 0.4845  (certified)
[REALIZE] eta=7.8700e-03 realised=89.6% residual=38.8% iters=3
[DAMPING] rho=4.38e-17 lambda=7.608e-12 eps=0.4845 |u|=6.429e+02 eta=7.8700e-03 decrease=8.2445e-02
[FGD-STEP] Epoch 22: loss_before=6.277547e+00, loss_after=6.226550e+00, rel_err_before=1.5127, |r|=5.0110e+00, |g|=3.0730e+00, |u|=6.0568e+00, eta=0.00787, accepted=True
[REALIZE] eta=1.4517e-02 realised=88.5% residual=39.0% iters=8
[DAMPING] rho=2.44e-16 lambda=4.260e-11 eps=0.4718 |u|=5.584e+02 eta=1.4517e-02 decrease=1.5040e-01
[FGD-STEP] Epoch 22: loss_before=6.226550e+00, loss_after=6.140464e+00, rel_err_before=1.5139, |r|=4.9906e+00, |g|=3.1508e+00, |u|=6.2452e+00, eta=0.01452, accepted=True
[REALIZE] eta=8.6915e-03 realised=88.4% residual=43.8% iters=7
[DAMPING] rho=7.70e-17 lambda=1.357e-11 eps=0.4829 |u|=4.737e+02 eta=8.6915e-03 decrease=8.5875e-02
[FGD-STEP] Epoch 22: loss_before=6.140464e+00, loss_after=6.084907e+00, rel_err_before=1.5069, |r|=4.9560e+00, |g|=2.9865e+00, |u|=6.7320e+00, eta=0.008692, accepted=True
[REALIZE] eta=1.0565e-02 realised=92.8% residual=44.9% iters=2
[DAMPING] rho=7.08e-17 lambda=1.259e-11 eps=0.4793 |u|=1.013e+03 eta=1.0565e-02 decrease=1.0236e-01
[FGD-STEP] Epoch 22: loss_before=6.084907e+00, loss_after=6.013668e+00, rel_err_before=1.5051, |r|=4.9335e+00, |g|=2.9427e+00, |u|=5.9247e+00, eta=0.01057, accepted=True
[FGD] Epoch 22, train_loss=0.0028, validation_loss=0.0059, test_loss=0.0062 (-0.0010), train_acc=0.949, validation_acc=0.905, test_acc=0.897, lr=0.01057, rel_err=1.505
[FGD-WARN] Epoch 22: relative-error condition failed; learning-rate interval invalid; validation certificate rejected 1 batch(es); maximum validation-certified learning rate accepted after transactional search
[BOTTLENECK] Epoch 22 widths=[8, 15, 11] L0=1.7308e-04 L1=9.5925e-06 L2=1.1891e-04
[GRO] Unified growth at epoch 22 [where=expressivity_bottleneck]: width at index 0 (+20 params, eps 1.505 -> not scored); 6 candidates considered
[GRO] Epoch 22, train_loss=0.0028, validation_loss=0.0059, test_loss=0.0062 (+0.0000), train_acc=0.949, validation_acc=0.905, test_acc=0.897, scaling=1
Model after growing:
LinearGrowingModule(LinearGrowingModule(Layer 0))(in_features=4, out_features=9, use_bias=True)
LinearGrowingModule(LinearGrowingModule(Layer 1))(in_features=9, out_features=15, use_bias=True)
LinearGrowingModule(LinearGrowingModule(Layer 2))(in_features=15, out_features=11, use_bias=True)
LinearGrowingModule(LinearGrowingModule(Layer 3))(in_features=11, out_features=1, use_bias=True)
[REALIZE] eta=8.2135e-03 realised=87.9% residual=36.1% iters=6
[DAMPING] rho=6.05e-17 lambda=1.084e-11 eps=0.4838 |u|=6.361e+02 eta=8.2135e-03 decrease=7.7070e-02
[FGD-STEP] Epoch 23: loss_before=6.013668e+00, loss_after=5.961953e+00, rel_err_before=1.5067, |r|=4.9046e+00, |g|=2.9737e+00, |u|=7.2130e+00, eta=0.008213, accepted=True
[REALIZE] eta=6.8619e-03 realised=88.3% residual=36.1% iters=7
[DAMPING] rho=3.26e-17 lambda=5.887e-12 eps=0.4865 |u|=6.634e+02 eta=6.8619e-03 decrease=6.2864e-02
[FGD-STEP] Epoch 23: loss_before=5.961953e+00, loss_after=5.921259e+00, rel_err_before=1.5231, |r|=4.8834e+00, |g|=2.9942e+00, |u|=7.9435e+00, eta=0.006862, accepted=True
[REALIZE] eta=2.2717e-03 realised=93.9% residual=28.5% iters=8
[DAMPING] rho=6.20e-18 lambda=1.128e-12 eps=0.4955 |u|=5.167e+02 eta=2.2717e-03 decrease=2.0290e-02
[FGD-STEP] Epoch 23: loss_before=5.921259e+00, loss_after=5.905819e+00, rel_err_before=1.4353, |r|=4.8667e+00, |g|=3.0887e+00, |u|=1.3795e+01, eta=0.002272, accepted=True
[REALIZE] eta=6.6101e-03 realised=88.7% residual=35.9% iters=7
[DAMPING] rho=4.34e-17 lambda=7.937e-12 eps=0.4870 |u|=4.663e+02 eta=6.6101e-03 decrease=5.9049e-02
[FGD-STEP] Epoch 23: loss_before=5.905819e+00, loss_after=5.865211e+00, rel_err_before=1.5303, |r|=4.8604e+00, |g|=2.8833e+00, |u|=8.6559e+00, eta=0.00661, accepted=True
[REALIZE] eta=1.0993e-02 realised=89.5% residual=39.1% iters=8
[DAMPING] rho=1.41e-16 lambda=2.589e-11 eps=0.4785 |u|=4.712e+02 eta=1.0993e-02 decrease=9.7117e-02
[FGD-STEP] Epoch 23: loss_before=5.865211e+00, loss_after=5.803872e+00, rel_err_before=1.5374, |r|=4.8436e+00, |g|=2.9770e+00, |u|=6.6506e+00, eta=0.01099, accepted=True
[REALIZE] eta=7.3599e-03 realised=89.6% residual=35.4% iters=6
[DAMPING] rho=1.31e-16 lambda=2.446e-11 eps=0.4855 |u|=2.712e+02 eta=7.3599e-03 decrease=6.2788e-02
[FGD-STEP] Epoch 23: loss_before=5.803872e+00, loss_after=5.759834e+00, rel_err_before=1.5279, |r|=4.8182e+00, |g|=2.8817e+00, |u|=8.8396e+00, eta=0.00736, accepted=True
[REALIZE] eta=9.7144e-03 realised=89.3% residual=39.2% iters=6
[DAMPING] rho=2.74e-16 lambda=5.134e-11 eps=0.4809 |u|=3.195e+02 eta=9.7144e-03 decrease=8.1523e-02
[FGD-STEP] Epoch 23: loss_before=5.759834e+00, loss_after=5.708088e+00, rel_err_before=1.5669, |r|=4.7999e+00, |g|=2.8771e+00, |u|=7.4586e+00, eta=0.009714, accepted=True
[REALIZE] eta=3.1058e-03 realised=91.8% residual=30.1% iters=9
[DAMPING] rho=1.74e-17 lambda=3.286e-12 eps=0.4938 |u|=3.281e+02 eta=3.1058e-03 decrease=2.5140e-02
[FGD-STEP] Epoch 23: loss_before=5.708088e+00, loss_after=5.690772e+00, rel_err_before=1.4573, |r|=4.7783e+00, |g|=3.1636e+00, |u|=1.4377e+01, eta=0.003106, accepted=True
[FGD] Epoch 23, train_loss=0.0024, validation_loss=0.0056, test_loss=0.0057 (-0.0004), train_acc=0.957, validation_acc=0.916, test_acc=0.910, lr=0.003106, rel_err=1.457
[FGD-WARN] Epoch 23: relative-error condition failed; learning-rate interval invalid; validation certificate rejected 1 batch(es); maximum validation-certified learning rate accepted after transactional search
[BOTTLENECK] Epoch 23 widths=[9, 15, 11] L0=2.1059e-05 L1=1.2374e-05 L2=1.3956e-04
[GRO] Unified growth at epoch 23 [where=expressivity_bottleneck]: width at index 2 (+17 params, eps 1.457 -> not scored); 6 candidates considered
[GRO] Epoch 23, train_loss=0.0024, validation_loss=0.0056, test_loss=0.0057 (+0.0000), train_acc=0.957, validation_acc=0.916, test_acc=0.910, scaling=1
Model after growing:
LinearGrowingModule(LinearGrowingModule(Layer 0))(in_features=4, out_features=9, use_bias=True)
LinearGrowingModule(LinearGrowingModule(Layer 1))(in_features=9, out_features=15, use_bias=True)
LinearGrowingModule(LinearGrowingModule(Layer 2))(in_features=15, out_features=12, use_bias=True)
LinearGrowingModule(LinearGrowingModule(Layer 3))(in_features=12, out_features=1, use_bias=True)
[REALIZE] eta=8.0410e-03 realised=86.1% residual=42.5% iters=7
[DAMPING] rho=4.76e-17 lambda=9.033e-12 eps=0.4842 |u|=4.240e+02 eta=8.0410e-03 decrease=6.5013e-02
[FGD-STEP] Epoch 24: loss_before=5.690772e+00, loss_after=5.654811e+00, rel_err_before=1.6455, |r|=4.7711e+00, |g|=2.8374e+00, |u|=5.6116e+00, eta=0.008041, accepted=True
[REALIZE] eta=1.3920e-02 realised=84.9% residual=45.1% iters=4
[DAMPING] rho=9.52e-17 lambda=1.820e-11 eps=0.4729 |u|=1.321e+03 eta=1.3920e-02 decrease=1.1126e-01
[FGD-STEP] Epoch 24: loss_before=5.654811e+00, loss_after=5.587843e+00, rel_err_before=1.6402, |r|=4.7560e+00, |g|=2.7570e+00, |u|=5.4467e+00, eta=0.01392, accepted=True
[REALIZE] eta=7.7002e-03 realised=89.6% residual=40.8% iters=5
[DAMPING] rho=1.88e-17 lambda=3.634e-12 eps=0.4848 |u|=5.115e+02 eta=7.7002e-03 decrease=5.8912e-02
[FGD-STEP] Epoch 24: loss_before=5.587843e+00, loss_after=5.550906e+00, rel_err_before=1.6216, |r|=4.7277e+00, |g|=2.7720e+00, |u|=6.7447e+00, eta=0.0077, accepted=True
[FAMILY] eta_f=1 did not certify (cos 0.7074, eps 0.7068)
[FAMILY] eta_f=2 did not certify (cos 0.7817, eps 0.6236)
[FAMILY] eta_f=4 did not certify (cos 0.7793, eps 0.6266)
[FAMILY] eta_f=8 did not certify (cos 0.7635, eps 0.6458)
[CERTIFY] growth 1 at location 0: eps -> 0.4877  (certified)
[REALIZE] eta=6.2440e-03 realised=86.9% residual=39.8% iters=5
[DAMPING] rho=2.09e-17 lambda=4.068e-12 eps=0.4877 |u|=3.165e+02 eta=6.2440e-03 decrease=4.6698e-02
[FGD-STEP] Epoch 24: loss_before=5.550906e+00, loss_after=5.523334e+00, rel_err_before=1.6591, |r|=4.7121e+00, |g|=2.7509e+00, |u|=6.5246e+00, eta=0.006244, accepted=True
[REALIZE] eta=5.8352e-03 realised=87.1% residual=40.7% iters=4
[DAMPING] rho=1.98e-17 lambda=3.885e-12 eps=0.4885 |u|=2.985e+02 eta=5.8352e-03 decrease=4.2914e-02
[FGD-STEP] Epoch 24: loss_before=5.523334e+00, loss_after=5.498680e+00, rel_err_before=1.6679, |r|=4.7004e+00, |g|=2.7788e+00, |u|=6.5191e+00, eta=0.005835, accepted=True
[REALIZE] eta=8.7802e-03 realised=86.8% residual=41.2% iters=7
[DAMPING] rho=1.03e-16 lambda=2.020e-11 eps=0.4827 |u|=3.322e+02 eta=8.7802e-03 decrease=6.3897e-02
[FGD-STEP] Epoch 24: loss_before=5.498680e+00, loss_after=5.461086e+00, rel_err_before=1.6746, |r|=4.6899e+00, |g|=2.7105e+00, |u|=6.7708e+00, eta=0.00878, accepted=True
[REALIZE] eta=1.6315e-02 realised=84.3% residual=46.7% iters=7
[DAMPING] rho=1.39e-16 lambda=2.760e-11 eps=0.4684 |u|=3.041e+02 eta=1.6315e-02 decrease=1.1737e-01
[FGD-STEP] Epoch 24: loss_before=5.461086e+00, loss_after=5.395496e+00, rel_err_before=1.7128, |r|=4.6738e+00, |g|=2.6574e+00, |u|=5.6707e+00, eta=0.01631, accepted=True
[REALIZE] eta=6.1633e-03 realised=87.0% residual=44.5% iters=2
[DAMPING] rho=2.07e-17 lambda=4.169e-12 eps=0.4878 |u|=3.322e+02 eta=6.1633e-03 decrease=4.1960e-02
[FGD-STEP] Epoch 24: loss_before=5.395496e+00, loss_after=5.372429e+00, rel_err_before=1.6768, |r|=4.6456e+00, |g|=2.7756e+00, |u|=6.8787e+00, eta=0.006163, accepted=True
[FGD] Epoch 24, train_loss=0.0020, validation_loss=0.0052, test_loss=0.0052 (-0.0005), train_acc=0.976, validation_acc=0.923, test_acc=0.923, lr=0.006163, rel_err=1.677
[FGD-WARN] Epoch 24: relative-error condition failed; learning-rate interval invalid; validation certificate rejected 1 batch(es); maximum validation-certified learning rate accepted after transactional search
[BOTTLENECK] Epoch 24 widths=[10, 15, 12] L0=6.0431e-06 L1=1.7212e-05 L2=3.4354e-05
[GRO] Unified growth at epoch 24 [where=expressivity_bottleneck]: width at index 2 (+17 params, eps 1.677 -> not scored); 6 candidates considered
[GRO] Epoch 24, train_loss=0.0020, validation_loss=0.0052, test_loss=0.0052 (-0.0000), train_acc=0.976, validation_acc=0.923, test_acc=0.923, scaling=1
Model after growing:
LinearGrowingModule(LinearGrowingModule(Layer 0))(in_features=4, out_features=10, use_bias=True)
LinearGrowingModule(LinearGrowingModule(Layer 1))(in_features=10, out_features=15, use_bias=True)
LinearGrowingModule(LinearGrowingModule(Layer 2))(in_features=15, out_features=13, use_bias=True)
LinearGrowingModule(LinearGrowingModule(Layer 3))(in_features=13, out_features=1, use_bias=True)
[REALIZE] eta=6.2858e-04 realised=92.7% residual=31.3% iters=8
[DAMPING] rho=2.62e-17 lambda=5.328e-12 eps=0.4987 |u|=3.100e+02 eta=6.2858e-04 decrease=4.1771e-03
[FGD-STEP] Epoch 25: loss_before=5.372430e+00, loss_after=5.369021e+00, rel_err_before=1.4920, |r|=4.6357e+00, |g|=2.9416e+00, |u|=1.5399e+01, eta=0.0006286, accepted=True
[REALIZE] eta=8.3824e-03 realised=85.5% residual=42.4% iters=5
[DAMPING] rho=2.54e-18 lambda=5.165e-13 eps=0.4835 |u|=7.160e+03 eta=8.3824e-03 decrease=5.6280e-02
[FGD-STEP] Epoch 25: loss_before=5.369021e+00, loss_after=5.336961e+00, rel_err_before=1.7303, |r|=4.6342e+00, |g|=2.6178e+00, |u|=6.5807e+00, eta=0.008382, accepted=True
[REALIZE] eta=5.9490e-03 realised=88.5% residual=42.3% iters=6
[DAMPING] rho=3.01e-18 lambda=6.152e-13 eps=0.4882 |u|=3.255e+03 eta=5.9490e-03 decrease=3.8960e-02
[FGD-STEP] Epoch 25: loss_before=5.336961e+00, loss_after=5.313338e+00, rel_err_before=1.7101, |r|=4.6204e+00, |g|=2.6389e+00, |u|=8.0467e+00, eta=0.005949, accepted=True
[FAMILY] eta_f=1 did not certify (cos 0.6963, eps 0.7178)
[FAMILY] eta_f=2 did not certify (cos 0.7587, eps 0.6514)
[FAMILY] eta_f=4 did not certify (cos 0.7607, eps 0.6491)
[FAMILY] eta_f=8 did not certify (cos 0.7900, eps 0.6130)
[CERTIFY] growth 1 at location 1: eps -> 0.5019
[CERTIFY] adaptive +growth 2 at location 1: eps -> 0.4970  (certified)
[REALIZE] eta=4.4559e-03 realised=91.7% residual=37.3% iters=3
[DAMPING] rho=1.74e-18 lambda=3.595e-13 eps=0.4912 |u|=1.646e+05 eta=4.4559e-03 decrease=2.8599e-02
[FGD-STEP] Epoch 25: loss_before=5.313338e+00, loss_after=5.295009e+00, rel_err_before=1.4673, |r|=4.6101e+00, |g|=3.3595e+00, |u|=5.4826e+00, eta=0.004456, accepted=True
[REALIZE] eta=3.4910e-02 realised=84.8% residual=60.6% iters=4
[DAMPING] rho=1.94e-16 lambda=4.026e-11 eps=0.4347 |u|=5.056e+03 eta=3.4910e-02 decrease=2.3162e-01
[FGD-STEP] Epoch 25: loss_before=5.295009e+00, loss_after=5.157927e+00, rel_err_before=1.7646, |r|=4.6022e+00, |g|=2.5011e+00, |u|=5.1551e+00, eta=0.03491, accepted=True
[REALIZE] eta=3.4483e-02 realised=80.0% residual=53.5% iters=7
[DAMPING] rho=2.74e-16 lambda=5.836e-11 eps=0.4355 |u|=8.634e+02 eta=3.4483e-02 decrease=2.1155e-01
[FGD-STEP] Epoch 25: loss_before=5.157927e+00, loss_after=5.101466e+00, rel_err_before=1.8555, |r|=4.5422e+00, |g|=2.6140e+00, |u|=5.0606e+00, eta=0.03448, accepted=True
[FAMILY] eta_f=1 did not certify (cos 0.6674, eps 0.7447)
[FAMILY] eta_f=2 did not certify (cos 0.7192, eps 0.6948)
[FAMILY] eta_f=4 did not certify (cos 0.7493, eps 0.6622)
[FAMILY] eta_f=8 did not certify (cos 0.7340, eps 0.6792)
[CERTIFY] growth 1 at location 1: eps -> 0.4774  (certified)
[REALIZE] eta=1.1554e-02 realised=80.4% residual=49.2% iters=6
[DAMPING] rho=3.63e-17 lambda=7.932e-12 eps=0.4774 |u|=4.284e+02 eta=1.1554e-02 decrease=6.3446e-02
[FGD-STEP] Epoch 25: loss_before=5.101466e+00, loss_after=5.071068e+00, rel_err_before=1.9673, |r|=4.5173e+00, |g|=2.2889e+00, |u|=5.1381e+00, eta=0.01155, accepted=True
[REALIZE] eta=1.0734e-02 realised=84.4% residual=53.8% iters=4
[DAMPING] rho=1.48e-17 lambda=3.267e-12 eps=0.4790 |u|=2.241e+03 eta=1.0734e-02 decrease=5.7329e-02
[FGD-STEP] Epoch 25: loss_before=5.071068e+00, loss_after=5.045173e+00, rel_err_before=1.9587, |r|=4.5038e+00, |g|=2.3175e+00, |u|=5.9327e+00, eta=0.01073, accepted=True
[FGD] Epoch 25, train_loss=0.0016, validation_loss=0.0049, test_loss=0.0047 (-0.0005), train_acc=0.984, validation_acc=0.938, test_acc=0.935, lr=0.01073, rel_err=1.959
[FGD-WARN] Epoch 25: relative-error condition failed; learning-rate interval invalid; validation certificate rejected 1 batch(es); maximum validation-certified learning rate accepted after transactional search
[BOTTLENECK] Epoch 25 widths=[10, 18, 13] L0=5.0426e-06 L1=5.6099e-06 L2=3.4307e-05
[GRO] Unified growth at epoch 25 [where=expressivity_bottleneck]: width at index 2 (+20 params, eps 1.959 -> not scored); 6 candidates considered
[GRO] Epoch 25, train_loss=0.0016, validation_loss=0.0049, test_loss=0.0047 (+0.0000), train_acc=0.984, validation_acc=0.938, test_acc=0.935, scaling=1
Model after growing:
LinearGrowingModule(LinearGrowingModule(Layer 0))(in_features=4, out_features=10, use_bias=True)
LinearGrowingModule(LinearGrowingModule(Layer 1))(in_features=10, out_features=18, use_bias=True)
LinearGrowingModule(LinearGrowingModule(Layer 2))(in_features=18, out_features=14, use_bias=True)
LinearGrowingModule(LinearGrowingModule(Layer 3))(in_features=14, out_features=1, use_bias=True)
[REALIZE] eta=6.8603e-03 realised=82.2% residual=47.4% iters=7
[DAMPING] rho=6.99e-18 lambda=1.549e-12 eps=0.4865 |u|=1.647e+03 eta=6.8603e-03 decrease=3.5536e-02
[FGD-STEP] Epoch 26: loss_before=5.045173e+00, loss_after=5.026623e+00, rel_err_before=1.9778, |r|=4.4923e+00, |g|=2.2549e+00, |u|=6.8520e+00, eta=0.00686, accepted=True
[REALIZE] eta=3.1095e-02 realised=77.6% residual=58.6% iters=9
[DAMPING] rho=5.36e-17 lambda=1.195e-11 eps=0.4415 |u|=4.448e+03 eta=3.1095e-02 decrease=1.6402e-01
[FGD-STEP] Epoch 26: loss_before=5.026623e+00, loss_after=4.955078e+00, rel_err_before=2.1095, |r|=4.4840e+00, |g|=2.1278e+00, |u|=4.8197e+00, eta=0.03109, accepted=True
[REALIZE] eta=9.0579e-03 realised=79.3% residual=50.0% iters=3
[DAMPING] rho=8.76e-18 lambda=2.007e-12 eps=0.4822 |u|=1.621e+03 eta=9.0579e-03 decrease=4.3403e-02
[FGD-STEP] Epoch 26: loss_before=4.955078e+00, loss_after=4.935455e+00, rel_err_before=2.0258, |r|=4.4520e+00, |g|=2.2361e+00, |u|=4.8961e+00, eta=0.009058, accepted=True
[REALIZE] eta=1.0765e-02 realised=77.8% residual=53.0% iters=3
[DAMPING] rho=7.61e-18 lambda=1.754e-12 eps=0.4789 |u|=1.100e+03 eta=1.0765e-02 decrease=5.0682e-02
[FGD-STEP] Epoch 26: loss_before=4.935455e+00, loss_after=4.920350e+00, rel_err_before=2.0980, |r|=4.4432e+00, |g|=2.2357e+00, |u|=4.8422e+00, eta=0.01077, accepted=True
[FAMILY] eta_f=1 did not certify (cos 0.6125, eps 0.7905)
[FAMILY] eta_f=2 did not certify (cos 0.6857, eps 0.7279)
[FAMILY] eta_f=4 did not certify (cos 0.7150, eps 0.6991)
[FAMILY] eta_f=8 did not certify (cos 0.5813, eps 0.8137)
[CERTIFY] growth 1 at location 1: eps -> 0.4819  (certified)
[REALIZE] eta=9.2141e-03 realised=78.8% residual=52.1% iters=4
[DAMPING] rho=8.65e-18 lambda=2.010e-12 eps=0.4819 |u|=1.123e+03 eta=9.2141e-03 decrease=4.2287e-02
[FGD-STEP] Epoch 26: loss_before=4.920350e+00, loss_after=4.901652e+00, rel_err_before=2.1077, |r|=4.4364e+00, |g|=2.1268e+00, |u|=4.8034e+00, eta=0.009214, accepted=True
[REALIZE] eta=2.0688e-02 realised=75.6% residual=57.8% iters=4
[DAMPING] rho=3.80e-17 lambda=8.876e-12 eps=0.4603 |u|=3.851e+03 eta=2.0688e-02 decrease=9.4612e-02
[FGD-STEP] Epoch 26: loss_before=4.901652e+00, loss_after=4.878360e+00, rel_err_before=2.1343, |r|=4.4279e+00, |g|=2.2027e+00, |u|=4.6982e+00, eta=0.02069, accepted=True
[REALIZE] eta=1.9300e-02 realised=76.8% residual=55.9% iters=5
[DAMPING] rho=6.05e-17 lambda=1.431e-11 eps=0.4628 |u|=1.688e+03 eta=1.9300e-02 decrease=8.4468e-02
[FGD-STEP] Epoch 26: loss_before=4.878360e+00, loss_after=4.844698e+00, rel_err_before=2.2317, |r|=4.4174e+00, |g|=2.0040e+00, |u|=4.6248e+00, eta=0.0193, accepted=True
[REALIZE] eta=1.4365e-02 realised=78.9% residual=55.1% iters=6
[DAMPING] rho=1.75e-17 lambda=4.221e-12 eps=0.4721 |u|=9.221e+02 eta=1.4365e-02 decrease=5.9936e-02
[FGD-STEP] Epoch 26: loss_before=4.844698e+00, loss_after=4.830325e+00, rel_err_before=2.3227, |r|=4.4021e+00, |g|=1.9758e+00, |u|=5.0343e+00, eta=0.01436, accepted=True
[FGD] Epoch 26, train_loss=0.0012, validation_loss=0.0047, test_loss=0.0043 (-0.0004), train_acc=0.988, validation_acc=0.956, test_acc=0.944, lr=0.01436, rel_err=2.323
[FGD-WARN] Epoch 26: relative-error condition failed; learning-rate interval invalid; validation certificate rejected 1 batch(es); maximum validation-certified learning rate accepted after transactional search
[BOTTLENECK] Epoch 26 widths=[10, 19, 14] L0=3.4119e-06 L1=1.7833e-06 L2=1.9661e-05
[GRO] Unified growth at epoch 26 [where=expressivity_bottleneck]: width at index 2 (+21 params, eps 2.323 -> not scored); 6 candidates considered
[GRO] Epoch 26, train_loss=0.0012, validation_loss=0.0047, test_loss=0.0043 (+0.0000), train_acc=0.988, validation_acc=0.956, test_acc=0.944, scaling=1
Model after growing:
LinearGrowingModule(LinearGrowingModule(Layer 0))(in_features=4, out_features=10, use_bias=True)
LinearGrowingModule(LinearGrowingModule(Layer 1))(in_features=10, out_features=19, use_bias=True)
LinearGrowingModule(LinearGrowingModule(Layer 2))(in_features=19, out_features=15, use_bias=True)
LinearGrowingModule(LinearGrowingModule(Layer 3))(in_features=15, out_features=1, use_bias=True)
[FAMILY] eta_f=1 did not certify (cos 0.5528, eps 0.8333)
[FAMILY] eta_f=2 did not certify (cos 0.6514, eps 0.7588)
[FAMILY] eta_f=4 did not certify (cos 0.6826, eps 0.7308)
[FAMILY] eta_f=8 did not certify (cos 0.7108, eps 0.7034)
[CERTIFY] growth 1 at location 0: eps -> 0.4904  (certified)
[REALIZE] eta=4.8679e-03 realised=81.1% residual=52.1% iters=5
[DAMPING] rho=1.92e-18 lambda=4.671e-13 eps=0.4904 |u|=8.782e+02 eta=4.8679e-03 decrease=1.9411e-02
[FGD-STEP] Epoch 27: loss_before=4.830325e+00, loss_after=4.824103e+00, rel_err_before=2.1712, |r|=4.3956e+00, |g|=2.1347e+00, |u|=7.0328e+00, eta=0.004868, accepted=True
[REALIZE] eta=4.6383e-03 realised=69.6% residual=67.8% iters=2
[DAMPING] rho=4.73e-19 lambda=1.156e-13 eps=0.4908 |u|=7.646e+04 eta=4.6383e-03 decrease=1.8283e-02
[FGD-STEP] Epoch 27: loss_before=4.824103e+00, loss_after=4.821155e+00, rel_err_before=2.2212, |r|=4.3928e+00, |g|=2.1262e+00, |u|=6.0042e+00, eta=0.004638, accepted=True
[REALIZE] eta=2.2252e-02 realised=76.7% residual=62.7% iters=4
[DAMPING] rho=2.22e-17 lambda=5.437e-12 eps=0.4574 |u|=8.109e+03 eta=2.2252e-02 decrease=8.9149e-02
[FGD-STEP] Epoch 27: loss_before=4.821155e+00, loss_after=4.798629e+00, rel_err_before=2.3839, |r|=4.3914e+00, |g|=1.9102e+00, |u|=4.4916e+00, eta=0.02225, accepted=True
[REALIZE] eta=2.9318e-02 realised=73.9% residual=59.0% iters=10
[DAMPING] rho=7.15e-17 lambda=1.782e-11 eps=0.4446 |u|=1.911e+03 eta=2.9318e-02 decrease=1.1357e-01
[FGD-STEP] Epoch 27: loss_before=4.798629e+00, loss_after=4.796341e+00, rel_err_before=2.3680, |r|=4.3812e+00, |g|=2.0152e+00, |u|=4.5451e+00, eta=0.02932, accepted=True
[REALIZE] eta=2.4342e-02 realised=74.3% residual=61.7% iters=7
[DAMPING] rho=5.17e-17 lambda=1.316e-11 eps=0.4536 |u|=8.404e+02 eta=2.4342e-02 decrease=8.8361e-02
[FGD-STEP] Epoch 27: loss_before=4.796341e+00, loss_after=4.778885e+00, rel_err_before=2.6267, |r|=4.3801e+00, |g|=1.7205e+00, |u|=4.4958e+00, eta=0.02434, accepted=True
[REALIZE] eta=1.1123e-02 realised=75.3% residual=56.2% iters=6
[DAMPING] rho=4.06e-18 lambda=1.053e-12 eps=0.4782 |u|=1.296e+03 eta=1.1123e-02 decrease=3.7800e-02
[FGD-STEP] Epoch 27: loss_before=4.778885e+00, loss_after=4.772196e+00, rel_err_before=2.5626, |r|=4.3721e+00, |g|=1.7842e+00, |u|=5.5477e+00, eta=0.01112, accepted=True
[REALIZE] eta=7.0707e-03 realised=76.5% residual=55.4% iters=6
[DAMPING] rho=9.13e-19 lambda=2.387e-13 eps=0.4861 |u|=1.819e+03 eta=7.0707e-03 decrease=2.3347e-02
[FGD-STEP] Epoch 27: loss_before=4.772196e+00, loss_after=4.763319e+00, rel_err_before=2.5024, |r|=4.3691e+00, |g|=1.7748e+00, |u|=6.6034e+00, eta=0.007071, accepted=True
[REALIZE] eta=5.6393e-03 realised=79.8% residual=62.5% iters=2
[DAMPING] rho=6.21e-19 lambda=1.638e-13 eps=0.4888 |u|=1.410e+03 eta=5.6393e-03 decrease=1.8309e-02
[FGD-STEP] Epoch 27: loss_before=4.763319e+00, loss_after=4.750706e+00, rel_err_before=2.3616, |r|=4.3650e+00, |g|=1.7708e+00, |u|=5.7551e+00, eta=0.005639, accepted=True
[FGD] Epoch 27, train_loss=0.0010, validation_loss=0.0046, test_loss=0.0041 (-0.0002), train_acc=0.994, validation_acc=0.957, test_acc=0.948, lr=0.005639, rel_err=2.362
[FGD-WARN] Epoch 27: relative-error condition failed; learning-rate interval invalid; validation certificate rejected 1 batch(es); maximum validation-certified learning rate accepted after transactional search
[BOTTLENECK] Epoch 27 widths=[11, 19, 15] L0=2.4698e-06 L1=1.0313e-05 L2=1.3254e-05
[GRO] Unified growth at epoch 27 [where=expressivity_bottleneck]: width at index 2 (+21 params, eps 2.362 -> not scored); 6 candidates considered
[GRO] Epoch 27, train_loss=0.0010, validation_loss=0.0046, test_loss=0.0041 (+0.0000), train_acc=0.994, validation_acc=0.957, test_acc=0.948, scaling=1
Model after growing:
LinearGrowingModule(LinearGrowingModule(Layer 0))(in_features=4, out_features=11, use_bias=True)
LinearGrowingModule(LinearGrowingModule(Layer 1))(in_features=11, out_features=19, use_bias=True)
LinearGrowingModule(LinearGrowingModule(Layer 2))(in_features=19, out_features=16, use_bias=True)
LinearGrowingModule(LinearGrowingModule(Layer 3))(in_features=16, out_features=1, use_bias=True)
[CERTIFY] parameter budget 600 already spent (620 params); no growth attempted at eps 0.4856
[REALIZE] eta=7.2948e-03 realised=79.1% residual=53.4% iters=10
[DAMPING] rho=1.27e-18 lambda=3.386e-13 eps=0.4856 |u|=1.845e+03 eta=7.2948e-03 decrease=2.3476e-02
[FGD-STEP] Epoch 28: loss_before=4.750706e+00, loss_after=4.746122e+00, rel_err_before=2.2763, |r|=4.3592e+00, |g|=2.0533e+00, |u|=8.0585e+00, eta=0.007295, accepted=True
[CERTIFY] parameter budget 600 already spent (620 params); no growth attempted at eps 0.4741
[REALIZE] eta=1.4442e-02 realised=79.8% residual=60.1% iters=5
[DAMPING] rho=5.72e-19 lambda=1.532e-13 eps=0.4719 |u|=2.771e+04 eta=1.4442e-02 decrease=4.6237e-02
[FGD-STEP] Epoch 28: loss_before=4.746122e+00, loss_after=4.741722e+00, rel_err_before=2.5736, |r|=4.3571e+00, |g|=1.7891e+00, |u|=4.7165e+00, eta=0.01444, accepted=True
[CERTIFY] parameter budget 600 already spent (620 params); no growth attempted at eps 0.4927
[REALIZE] eta=3.7641e-03 realised=80.0% residual=50.4% iters=9
[DAMPING] rho=3.19e-20 lambda=8.679e-15 eps=0.4925 |u|=8.759e+03 eta=3.7641e-03 decrease=1.1530e-02
[FGD-STEP] Epoch 28: loss_before=4.741722e+00, loss_after=4.737997e+00, rel_err_before=2.2911, |r|=4.3551e+00, |g|=1.9961e+00, |u|=8.6452e+00, eta=0.003764, accepted=True
[CERTIFY] parameter budget 600 already spent (620 params); no growth attempted at eps 0.5029
[CERTIFY] Epoch 28: growth target eps < 0.5 NOT reached (stopped at 0.5029 after 0 growths, reason: parameter_budget); step certificate eps < 0.5 FAILS, so no rate is admissible
[FGD] Epoch 28, train_loss=0.0009, validation_loss=0.0046, test_loss=0.0040 (-0.0001), train_acc=0.994, validation_acc=0.957, test_acc=0.949, lr=0.003764
[FGD-WARN] Epoch 28: learning-rate interval invalid; validation certificate rejected 1 batch(es); sensor invalid on 1 validation batch(es); maximum validation-certified learning rate accepted after transactional search
[CERTIFY] parameter budget 600 already spent (620 params); no growth attempted at eps 0.5029
[CERTIFY] Epoch 29: growth target eps < 0.5 NOT reached (stopped at 0.5029 after 0 growths, reason: parameter_budget); step certificate eps < 0.5 FAILS, so no rate is admissible
[FGD] Epoch 29, train_loss=0.0009, validation_loss=0.0046, test_loss=0.0040 (+0.0000), train_acc=0.994, validation_acc=0.957, test_acc=0.949, lr=0
[FGD-WARN] Epoch 29: sensor invalid on 1 validation batch(es); no learning rate satisfied all validation conditions; model update rejected
[CERTIFY] parameter budget 600 already spent (620 params); no growth attempted at eps 0.5029
[CERTIFY] Epoch 30: growth target eps < 0.5 NOT reached (stopped at 0.5029 after 0 growths, reason: parameter_budget); step certificate eps < 0.5 FAILS, so no rate is admissible
[FGD] Epoch 30, train_loss=0.0009, validation_loss=0.0046, test_loss=0.0040 (+0.0000), train_acc=0.994, validation_acc=0.957, test_acc=0.949, lr=0
[FGD-WARN] Epoch 30: sensor invalid on 1 validation batch(es); no learning rate satisfied all validation conditions; model update rejected
[CERTIFY] parameter budget 600 already spent (620 params); no growth attempted at eps 0.5029
[CERTIFY] Epoch 31: growth target eps < 0.5 NOT reached (stopped at 0.5029 after 0 growths, reason: parameter_budget); step certificate eps < 0.5 FAILS, so no rate is admissible
[FGD] Epoch 31, train_loss=0.0009, validation_loss=0.0046, test_loss=0.0040 (+0.0000), train_acc=0.994, validation_acc=0.957, test_acc=0.949, lr=0
[FGD-WARN] Epoch 31: sensor invalid on 1 validation batch(es); no learning rate satisfied all validation conditions; model update rejected
[CERTIFY] parameter budget 600 already spent (620 params); no growth attempted at eps 0.5029
[CERTIFY] Epoch 32: growth target eps < 0.5 NOT reached (stopped at 0.5029 after 0 growths, reason: parameter_budget); step certificate eps < 0.5 FAILS, so no rate is admissible
[FGD] Epoch 32, train_loss=0.0009, validation_loss=0.0046, test_loss=0.0040 (+0.0000), train_acc=0.994, validation_acc=0.957, test_acc=0.949, lr=0
[FGD-WARN] Epoch 32: sensor invalid on 1 validation batch(es); no learning rate satisfied all validation conditions; model update rejected
[CERTIFY] parameter budget 600 already spent (620 params); no growth attempted at eps 0.5029
[CERTIFY] Epoch 33: growth target eps < 0.5 NOT reached (stopped at 0.5029 after 0 growths, reason: parameter_budget); step certificate eps < 0.5 FAILS, so no rate is admissible
[FGD] Epoch 33, train_loss=0.0009, validation_loss=0.0046, test_loss=0.0040 (+0.0000), train_acc=0.994, validation_acc=0.957, test_acc=0.949, lr=0
[FGD-WARN] Epoch 33: sensor invalid on 1 validation batch(es); no learning rate satisfied all validation conditions; model update rejected
[CERTIFY] parameter budget 600 already spent (620 params); no growth attempted at eps 0.5029
[CERTIFY] Epoch 34: growth target eps < 0.5 NOT reached (stopped at 0.5029 after 0 growths, reason: parameter_budget); step certificate eps < 0.5 FAILS, so no rate is admissible
[FGD] Epoch 34, train_loss=0.0009, validation_loss=0.0046, test_loss=0.0040 (+0.0000), train_acc=0.994, validation_acc=0.957, test_acc=0.949, lr=0
[FGD-WARN] Epoch 34: sensor invalid on 1 validation batch(es); no learning rate satisfied all validation conditions; model update rejected
[CERTIFY] parameter budget 600 already spent (620 params); no growth attempted at eps 0.5029
[CERTIFY] Epoch 35: growth target eps < 0.5 NOT reached (stopped at 0.5029 after 0 growths, reason: parameter_budget); step certificate eps < 0.5 FAILS, so no rate is admissible
[FGD] Epoch 35, train_loss=0.0009, validation_loss=0.0046, test_loss=0.0040 (+0.0000), train_acc=0.994, validation_acc=0.957, test_acc=0.949, lr=0
[FGD-WARN] Epoch 35: sensor invalid on 1 validation batch(es); no learning rate satisfied all validation conditions; model update rejected
[CERTIFY] parameter budget 600 already spent (620 params); no growth attempted at eps 0.5029
[CERTIFY] Epoch 36: growth target eps < 0.5 NOT reached (stopped at 0.5029 after 0 growths, reason: parameter_budget); step certificate eps < 0.5 FAILS, so no rate is admissible
[FGD] Epoch 36, train_loss=0.0009, validation_loss=0.0046, test_loss=0.0040 (+0.0000), train_acc=0.994, validation_acc=0.957, test_acc=0.949, lr=0
[FGD-WARN] Epoch 36: sensor invalid on 1 validation batch(es); no learning rate satisfied all validation conditions; model update rejected
[CERTIFY] parameter budget 600 already spent (620 params); no growth attempted at eps 0.5029
[CERTIFY] Epoch 37: growth target eps < 0.5 NOT reached (stopped at 0.5029 after 0 growths, reason: parameter_budget); step certificate eps < 0.5 FAILS, so no rate is admissible
[FGD] Epoch 37, train_loss=0.0009, validation_loss=0.0046, test_loss=0.0040 (+0.0000), train_acc=0.994, validation_acc=0.957, test_acc=0.949, lr=0
[FGD-WARN] Epoch 37: sensor invalid on 1 validation batch(es); no learning rate satisfied all validation conditions; model update rejected
[CERTIFY] parameter budget 600 already spent (620 params); no growth attempted at eps 0.5029
[CERTIFY] Epoch 38: growth target eps < 0.5 NOT reached (stopped at 0.5029 after 0 growths, reason: parameter_budget); step certificate eps < 0.5 FAILS, so no rate is admissible
[FGD] Epoch 38, train_loss=0.0009, validation_loss=0.0046, test_loss=0.0040 (+0.0000), train_acc=0.994, validation_acc=0.957, test_acc=0.949, lr=0
[FGD-WARN] Epoch 38: sensor invalid on 1 validation batch(es); no learning rate satisfied all validation conditions; model update rejected
[CERTIFY] parameter budget 600 already spent (620 params); no growth attempted at eps 0.5029
[CERTIFY] Epoch 39: growth target eps < 0.5 NOT reached (stopped at 0.5029 after 0 growths, reason: parameter_budget); step certificate eps < 0.5 FAILS, so no rate is admissible
[FGD] Epoch 39, train_loss=0.0009, validation_loss=0.0046, test_loss=0.0040 (+0.0000), train_acc=0.994, validation_acc=0.957, test_acc=0.949, lr=0
[FGD-WARN] Epoch 39: sensor invalid on 1 validation batch(es); no learning rate satisfied all validation conditions; model update rejected
[CERTIFY] parameter budget 600 already spent (620 params); no growth attempted at eps 0.5029
[CERTIFY] Epoch 40: growth target eps < 0.5 NOT reached (stopped at 0.5029 after 0 growths, reason: parameter_budget); step certificate eps < 0.5 FAILS, so no rate is admissible
[FGD] Epoch 40, train_loss=0.0009, validation_loss=0.0046, test_loss=0.0040 (+0.0000), train_acc=0.994, validation_acc=0.957, test_acc=0.949, lr=0
[FGD-WARN] Epoch 40: sensor invalid on 1 validation batch(es); no learning rate satisfied all validation conditions; model update rejected
[CERTIFY] parameter budget 600 already spent (620 params); no growth attempted at eps 0.5029
[CERTIFY] Epoch 41: growth target eps < 0.5 NOT reached (stopped at 0.5029 after 0 growths, reason: parameter_budget); step certificate eps < 0.5 FAILS, so no rate is admissible
[FGD] Epoch 41, train_loss=0.0009, validation_loss=0.0046, test_loss=0.0040 (+0.0000), train_acc=0.994, validation_acc=0.957, test_acc=0.949, lr=0
[FGD-WARN] Epoch 41: sensor invalid on 1 validation batch(es); no learning rate satisfied all validation conditions; model update rejected
[CERTIFY] parameter budget 600 already spent (620 params); no growth attempted at eps 0.5029
[CERTIFY] Epoch 42: growth target eps < 0.5 NOT reached (stopped at 0.5029 after 0 growths, reason: parameter_budget); step certificate eps < 0.5 FAILS, so no rate is admissible
[FGD] Epoch 42, train_loss=0.0009, validation_loss=0.0046, test_loss=0.0040 (+0.0000), train_acc=0.994, validation_acc=0.957, test_acc=0.949, lr=0
[FGD-WARN] Epoch 42: sensor invalid on 1 validation batch(es); no learning rate satisfied all validation conditions; model update rejected
[CERTIFY] parameter budget 600 already spent (620 params); no growth attempted at eps 0.5029
[CERTIFY] Epoch 43: growth target eps < 0.5 NOT reached (stopped at 0.5029 after 0 growths, reason: parameter_budget); step certificate eps < 0.5 FAILS, so no rate is admissible
[FGD] Epoch 43, train_loss=0.0009, validation_loss=0.0046, test_loss=0.0040 (+0.0000), train_acc=0.994, validation_acc=0.957, test_acc=0.949, lr=0
[FGD-WARN] Epoch 43: sensor invalid on 1 validation batch(es); no learning rate satisfied all validation conditions; model update rejected
[CERTIFY] parameter budget 600 already spent (620 params); no growth attempted at eps 0.5029
[CERTIFY] Epoch 44: growth target eps < 0.5 NOT reached (stopped at 0.5029 after 0 growths, reason: parameter_budget); step certificate eps < 0.5 FAILS, so no rate is admissible
[FGD] Epoch 44, train_loss=0.0009, validation_loss=0.0046, test_loss=0.0040 (+0.0000), train_acc=0.994, validation_acc=0.957, test_acc=0.949, lr=0
[FGD-WARN] Epoch 44: sensor invalid on 1 validation batch(es); no learning rate satisfied all validation conditions; model update rejected
[CERTIFY] parameter budget 600 already spent (620 params); no growth attempted at eps 0.5029
[CERTIFY] Epoch 45: growth target eps < 0.5 NOT reached (stopped at 0.5029 after 0 growths, reason: parameter_budget); step certificate eps < 0.5 FAILS, so no rate is admissible
[FGD] Epoch 45, train_loss=0.0009, validation_loss=0.0046, test_loss=0.0040 (+0.0000), train_acc=0.994, validation_acc=0.957, test_acc=0.949, lr=0
[FGD-WARN] Epoch 45: sensor invalid on 1 validation batch(es); no learning rate satisfied all validation conditions; model update rejected
[CERTIFY] parameter budget 600 already spent (620 params); no growth attempted at eps 0.5029
[CERTIFY] Epoch 46: growth target eps < 0.5 NOT reached (stopped at 0.5029 after 0 growths, reason: parameter_budget); step certificate eps < 0.5 FAILS, so no rate is admissible
[FGD] Epoch 46, train_loss=0.0009, validation_loss=0.0046, test_loss=0.0040 (+0.0000), train_acc=0.994, validation_acc=0.957, test_acc=0.949, lr=0
[FGD-WARN] Epoch 46: sensor invalid on 1 validation batch(es); no learning rate satisfied all validation conditions; model update rejected
[CERTIFY] parameter budget 600 already spent (620 params); no growth attempted at eps 0.5029
[CERTIFY] Epoch 47: growth target eps < 0.5 NOT reached (stopped at 0.5029 after 0 growths, reason: parameter_budget); step certificate eps < 0.5 FAILS, so no rate is admissible
[FGD] Epoch 47, train_loss=0.0009, validation_loss=0.0046, test_loss=0.0040 (+0.0000), train_acc=0.994, validation_acc=0.957, test_acc=0.949, lr=0
[FGD-WARN] Epoch 47: sensor invalid on 1 validation batch(es); no learning rate satisfied all validation conditions; model update rejected
[CERTIFY] parameter budget 600 already spent (620 params); no growth attempted at eps 0.5029
[CERTIFY] Epoch 48: growth target eps < 0.5 NOT reached (stopped at 0.5029 after 0 growths, reason: parameter_budget); step certificate eps < 0.5 FAILS, so no rate is admissible
[FGD] Epoch 48, train_loss=0.0009, validation_loss=0.0046, test_loss=0.0040 (+0.0000), train_acc=0.994, validation_acc=0.957, test_acc=0.949, lr=0
[FGD-WARN] Epoch 48: sensor invalid on 1 validation batch(es); no learning rate satisfied all validation conditions; model update rejected
[CERTIFY] parameter budget 600 already spent (620 params); no growth attempted at eps 0.5029
[CERTIFY] Epoch 49: growth target eps < 0.5 NOT reached (stopped at 0.5029 after 0 growths, reason: parameter_budget); step certificate eps < 0.5 FAILS, so no rate is admissible
[FGD] Epoch 49, train_loss=0.0009, validation_loss=0.0046, test_loss=0.0040 (+0.0000), train_acc=0.994, validation_acc=0.957, test_acc=0.949, lr=0
[FGD-WARN] Epoch 49: sensor invalid on 1 validation batch(es); no learning rate satisfied all validation conditions; model update rejected
[CERTIFY] parameter budget 600 already spent (620 params); no growth attempted at eps 0.5029
[CERTIFY] Epoch 50: growth target eps < 0.5 NOT reached (stopped at 0.5029 after 0 growths, reason: parameter_budget); step certificate eps < 0.5 FAILS, so no rate is admissible
[FGD] Epoch 50, train_loss=0.0009, validation_loss=0.0046, test_loss=0.0040 (+0.0000), train_acc=0.994, validation_acc=0.957, test_acc=0.949, lr=0
[FGD-WARN] Epoch 50: sensor invalid on 1 validation batch(es); no learning rate satisfied all validation conditions; model update rejected
[CERTIFY] parameter budget 600 already spent (620 params); no growth attempted at eps 0.5029
[CERTIFY] Epoch 51: growth target eps < 0.5 NOT reached (stopped at 0.5029 after 0 growths, reason: parameter_budget); step certificate eps < 0.5 FAILS, so no rate is admissible
[FGD] Epoch 51, train_loss=0.0009, validation_loss=0.0046, test_loss=0.0040 (+0.0000), train_acc=0.994, validation_acc=0.957, test_acc=0.949, lr=0
[FGD-WARN] Epoch 51: sensor invalid on 1 validation batch(es); no learning rate satisfied all validation conditions; model update rejected
[CERTIFY] parameter budget 600 already spent (620 params); no growth attempted at eps 0.5029
[CERTIFY] Epoch 52: growth target eps < 0.5 NOT reached (stopped at 0.5029 after 0 growths, reason: parameter_budget); step certificate eps < 0.5 FAILS, so no rate is admissible
[FGD] Epoch 52, train_loss=0.0009, validation_loss=0.0046, test_loss=0.0040 (+0.0000), train_acc=0.994, validation_acc=0.957, test_acc=0.949, lr=0
[FGD-WARN] Epoch 52: sensor invalid on 1 validation batch(es); no learning rate satisfied all validation conditions; model update rejected
[CERTIFY] parameter budget 600 already spent (620 params); no growth attempted at eps 0.5029
[CERTIFY] Epoch 53: growth target eps < 0.5 NOT reached (stopped at 0.5029 after 0 growths, reason: parameter_budget); step certificate eps < 0.5 FAILS, so no rate is admissible
[FGD] Epoch 53, train_loss=0.0009, validation_loss=0.0046, test_loss=0.0040 (+0.0000), train_acc=0.994, validation_acc=0.957, test_acc=0.949, lr=0
[FGD-WARN] Epoch 53: sensor invalid on 1 validation batch(es); no learning rate satisfied all validation conditions; model update rejected
[CERTIFY] parameter budget 600 already spent (620 params); no growth attempted at eps 0.5029
[CERTIFY] Epoch 54: growth target eps < 0.5 NOT reached (stopped at 0.5029 after 0 growths, reason: parameter_budget); step certificate eps < 0.5 FAILS, so no rate is admissible
[FGD] Epoch 54, train_loss=0.0009, validation_loss=0.0046, test_loss=0.0040 (+0.0000), train_acc=0.994, validation_acc=0.957, test_acc=0.949, lr=0
[FGD-WARN] Epoch 54: sensor invalid on 1 validation batch(es); no learning rate satisfied all validation conditions; model update rejected
[CERTIFY] parameter budget 600 already spent (620 params); no growth attempted at eps 0.5029
[CERTIFY] Epoch 55: growth target eps < 0.5 NOT reached (stopped at 0.5029 after 0 growths, reason: parameter_budget); step certificate eps < 0.5 FAILS, so no rate is admissible
[FGD] Epoch 55, train_loss=0.0009, validation_loss=0.0046, test_loss=0.0040 (+0.0000), train_acc=0.994, validation_acc=0.957, test_acc=0.949, lr=0
[FGD-WARN] Epoch 55: sensor invalid on 1 validation batch(es); no learning rate satisfied all validation conditions; model update rejected
[CERTIFY] parameter budget 600 already spent (620 params); no growth attempted at eps 0.5029
[CERTIFY] Epoch 56: growth target eps < 0.5 NOT reached (stopped at 0.5029 after 0 growths, reason: parameter_budget); step certificate eps < 0.5 FAILS, so no rate is admissible
[FGD] Epoch 56, train_loss=0.0009, validation_loss=0.0046, test_loss=0.0040 (+0.0000), train_acc=0.994, validation_acc=0.957, test_acc=0.949, lr=0
[FGD-WARN] Epoch 56: sensor invalid on 1 validation batch(es); no learning rate satisfied all validation conditions; model update rejected
[CERTIFY] parameter budget 600 already spent (620 params); no growth attempted at eps 0.5029
[CERTIFY] Epoch 57: growth target eps < 0.5 NOT reached (stopped at 0.5029 after 0 growths, reason: parameter_budget); step certificate eps < 0.5 FAILS, so no rate is admissible
[FGD] Epoch 57, train_loss=0.0009, validation_loss=0.0046, test_loss=0.0040 (+0.0000), train_acc=0.994, validation_acc=0.957, test_acc=0.949, lr=0
[FGD-WARN] Epoch 57: sensor invalid on 1 validation batch(es); no learning rate satisfied all validation conditions; model update rejected
[CERTIFY] parameter budget 600 already spent (620 params); no growth attempted at eps 0.5029
[CERTIFY] Epoch 58: growth target eps < 0.5 NOT reached (stopped at 0.5029 after 0 growths, reason: parameter_budget); step certificate eps < 0.5 FAILS, so no rate is admissible
[FGD] Epoch 58, train_loss=0.0009, validation_loss=0.0046, test_loss=0.0040 (+0.0000), train_acc=0.994, validation_acc=0.957, test_acc=0.949, lr=0
[FGD-WARN] Epoch 58: sensor invalid on 1 validation batch(es); no learning rate satisfied all validation conditions; model update rejected
[CERTIFY] parameter budget 600 already spent (620 params); no growth attempted at eps 0.5029
[CERTIFY] Epoch 59: growth target eps < 0.5 NOT reached (stopped at 0.5029 after 0 growths, reason: parameter_budget); step certificate eps < 0.5 FAILS, so no rate is admissible
[FGD] Epoch 59, train_loss=0.0009, validation_loss=0.0046, test_loss=0.0040 (+0.0000), train_acc=0.994, validation_acc=0.957, test_acc=0.949, lr=0
[FGD-WARN] Epoch 59: sensor invalid on 1 validation batch(es); no learning rate satisfied all validation conditions; model update rejected
[CERTIFY] parameter budget 600 already spent (620 params); no growth attempted at eps 0.5029
[CERTIFY] Epoch 60: growth target eps < 0.5 NOT reached (stopped at 0.5029 after 0 growths, reason: parameter_budget); step certificate eps < 0.5 FAILS, so no rate is admissible
[FGD] Epoch 60, train_loss=0.0009, validation_loss=0.0046, test_loss=0.0040 (+0.0000), train_acc=0.994, validation_acc=0.957, test_acc=0.949, lr=0
[FGD-WARN] Epoch 60: sensor invalid on 1 validation batch(es); no learning rate satisfied all validation conditions; model update rejected
[CERTIFY] parameter budget 600 already spent (620 params); no growth attempted at eps 0.5029
[CERTIFY] Epoch 61: growth target eps < 0.5 NOT reached (stopped at 0.5029 after 0 growths, reason: parameter_budget); step certificate eps < 0.5 FAILS, so no rate is admissible
[FGD] Epoch 61, train_loss=0.0009, validation_loss=0.0046, test_loss=0.0040 (+0.0000), train_acc=0.994, validation_acc=0.957, test_acc=0.949, lr=0
[FGD-WARN] Epoch 61: sensor invalid on 1 validation batch(es); no learning rate satisfied all validation conditions; model update rejected
[CERTIFY] parameter budget 600 already spent (620 params); no growth attempted at eps 0.5029
[CERTIFY] Epoch 62: growth target eps < 0.5 NOT reached (stopped at 0.5029 after 0 growths, reason: parameter_budget); step certificate eps < 0.5 FAILS, so no rate is admissible
[FGD] Epoch 62, train_loss=0.0009, validation_loss=0.0046, test_loss=0.0040 (+0.0000), train_acc=0.994, validation_acc=0.957, test_acc=0.949, lr=0
[FGD-WARN] Epoch 62: sensor invalid on 1 validation batch(es); no learning rate satisfied all validation conditions; model update rejected
[CERTIFY] parameter budget 600 already spent (620 params); no growth attempted at eps 0.5029
[CERTIFY] Epoch 63: growth target eps < 0.5 NOT reached (stopped at 0.5029 after 0 growths, reason: parameter_budget); step certificate eps < 0.5 FAILS, so no rate is admissible
[FGD] Epoch 63, train_loss=0.0009, validation_loss=0.0046, test_loss=0.0040 (+0.0000), train_acc=0.994, validation_acc=0.957, test_acc=0.949, lr=0
[FGD-WARN] Epoch 63: sensor invalid on 1 validation batch(es); no learning rate satisfied all validation conditions; model update rejected
[CERTIFY] parameter budget 600 already spent (620 params); no growth attempted at eps 0.5029
[CERTIFY] Epoch 64: growth target eps < 0.5 NOT reached (stopped at 0.5029 after 0 growths, reason: parameter_budget); step certificate eps < 0.5 FAILS, so no rate is admissible
[FGD] Epoch 64, train_loss=0.0009, validation_loss=0.0046, test_loss=0.0040 (+0.0000), train_acc=0.994, validation_acc=0.957, test_acc=0.949, lr=0
[FGD-WARN] Epoch 64: sensor invalid on 1 validation batch(es); no learning rate satisfied all validation conditions; model update rejected
[CERTIFY] parameter budget 600 already spent (620 params); no growth attempted at eps 0.5029
[CERTIFY] Epoch 65: growth target eps < 0.5 NOT reached (stopped at 0.5029 after 0 growths, reason: parameter_budget); step certificate eps < 0.5 FAILS, so no rate is admissible
[FGD] Epoch 65, train_loss=0.0009, validation_loss=0.0046, test_loss=0.0040 (+0.0000), train_acc=0.994, validation_acc=0.957, test_acc=0.949, lr=0
[FGD-WARN] Epoch 65: sensor invalid on 1 validation batch(es); no learning rate satisfied all validation conditions; model update rejected
[CERTIFY] parameter budget 600 already spent (620 params); no growth attempted at eps 0.5029
[CERTIFY] Epoch 66: growth target eps < 0.5 NOT reached (stopped at 0.5029 after 0 growths, reason: parameter_budget); step certificate eps < 0.5 FAILS, so no rate is admissible
[FGD] Epoch 66, train_loss=0.0009, validation_loss=0.0046, test_loss=0.0040 (+0.0000), train_acc=0.994, validation_acc=0.957, test_acc=0.949, lr=0
[FGD-WARN] Epoch 66: sensor invalid on 1 validation batch(es); no learning rate satisfied all validation conditions; model update rejected
[CERTIFY] parameter budget 600 already spent (620 params); no growth attempted at eps 0.5029
[CERTIFY] Epoch 67: growth target eps < 0.5 NOT reached (stopped at 0.5029 after 0 growths, reason: parameter_budget); step certificate eps < 0.5 FAILS, so no rate is admissible
[FGD] Epoch 67, train_loss=0.0009, validation_loss=0.0046, test_loss=0.0040 (+0.0000), train_acc=0.994, validation_acc=0.957, test_acc=0.949, lr=0
[FGD-WARN] Epoch 67: sensor invalid on 1 validation batch(es); no learning rate satisfied all validation conditions; model update rejected
[CERTIFY] parameter budget 600 already spent (620 params); no growth attempted at eps 0.5029
[CERTIFY] Epoch 68: growth target eps < 0.5 NOT reached (stopped at 0.5029 after 0 growths, reason: parameter_budget); step certificate eps < 0.5 FAILS, so no rate is admissible
[FGD] Epoch 68, train_loss=0.0009, validation_loss=0.0046, test_loss=0.0040 (+0.0000), train_acc=0.994, validation_acc=0.957, test_acc=0.949, lr=0
[FGD-WARN] Epoch 68: sensor invalid on 1 validation batch(es); no learning rate satisfied all validation conditions; model update rejected
[CERTIFY] parameter budget 600 already spent (620 params); no growth attempted at eps 0.5029
[CERTIFY] Epoch 69: growth target eps < 0.5 NOT reached (stopped at 0.5029 after 0 growths, reason: parameter_budget); step certificate eps < 0.5 FAILS, so no rate is admissible
[FGD] Epoch 69, train_loss=0.0009, validation_loss=0.0046, test_loss=0.0040 (+0.0000), train_acc=0.994, validation_acc=0.957, test_acc=0.949, lr=0
[FGD-WARN] Epoch 69: sensor invalid on 1 validation batch(es); no learning rate satisfied all validation conditions; model update rejected
[CERTIFY] parameter budget 600 already spent (620 params); no growth attempted at eps 0.5029
[CERTIFY] Epoch 70: growth target eps < 0.5 NOT reached (stopped at 0.5029 after 0 growths, reason: parameter_budget); step certificate eps < 0.5 FAILS, so no rate is admissible
[FGD] Epoch 70, train_loss=0.0009, validation_loss=0.0046, test_loss=0.0040 (+0.0000), train_acc=0.994, validation_acc=0.957, test_acc=0.949, lr=0
[FGD-WARN] Epoch 70: sensor invalid on 1 validation batch(es); no learning rate satisfied all validation conditions; model update rejected
Saved history: results/tangent600_seed0_history.json
